{
	"PROJECT_NO" : "P_00_000",
	"SHIP_TITLE" : "EXAMPLE_SHIP",
	"GENERAL_INFORMATION" : {
		"SHIP_TYPE"            :               5,   
		"STATUS"               :      "Standard",   
		"OWNER"                :         "KRISO",   
		"FLAG"                 :         "KOREA",   
		"PROJECT_DATE"         :    "2024-09-04",   
		"PROJECT_MANAGER"      :          "고채은",   
		"LINES_DESIGNER"       :          "고채은"    
	},                                                              
	"SHIP_INFORMATION" : {                                          
		"SHIP SIZE"            :               0,   
		"LOA"                  :           320.0,   
		"LBP"                  :           315.0,   
		"BREADTH"              :            50.0,   
		"DEPTH"                :            25.2,   
		"DRAFT_TD_FORE"        :            12.3,   
		"DRART_TD_AFT"         :            12.3,   
		"DRAFT_TS_FORE"        :            12.3,   
		"DRAFT_TS_AFT"         :            12.3,   
		"CB_TD"                :          0.8555,   
		"CB_TS"                :          0.8555,   
		"LCB_TD"               :            -1.2,   
		"LCB_TS"               :            -1.2,   
		"CONTRACT_SPEED"       :            15.4,   
		"SPEED_TD"             :            15.4,   
		"SPEED_TS"             :            15.4,   
		"EEDI_TARGET"          :               2,   
		"SPEED_EEDI"           :            15.4,   
		"SPEED_BALLAST"        :            15.4,   
		"DEADWEIGHT_TD"        :           10000,   
		"DEADWEIGHT_TS"        :           10000,   
		"THRUSTER"             :            "No",   
		"NO_BOW_THRUSTER"      :               0,   
		"NO_STERN_THRUSTER"    :               0,   
		"ESD_FORE"             :    "FIN+STATOR",   
		"ESD_AFT"              :        "R-BULB",   
		"SEA_MARGIN"           :            15.0,   
		"MODEL_BASIN_SP"       :         "KRISO",   
		"MODEL_BASIN_CAVI"     :         "KRISO"    
	},                                                              
	"ENGINE_ROOM" : {                                               
		"ENGINE_TYPE"          :  "6S60MC-ME9.2",   
		"NO_ENGINE"            :               1,   
		"GEAR_RATIO"           :             1.0,   
		"NMCR_POWER"           :           10000,   
		"NMCR_RPM"             :             100,   
		"SMCR_POWER"           :           10000,   
		"SMCR_RPM"             :             100,   
		"NCR_POWER"            :           10000,   
		"NCR_RPM"              :             100,   
		"SFOC_NCR"             :            16.5,   
		"SFOC_EEDI"            :            16.5,   
		"SPOC_NCR"             :            16.5,   
		"SFGC_NCR"             :            16.5,   
		"SFGC_EEDI"            :            16.5,   
		"RPM_MARGIN"           :             7.0,   
		"SHAFT_GEN_POWER"      :               0,   
	},
	"PROPELLER" : {
		"PROP_TYPE"            :               0,   
		"NO_PROP"              :               1,   
		"PROP_DIA"             :            10.2,   
		"MEAN_PITCH"           :          0.9876,   
		"EAR"                  :          0.5623,   
		"NO_BLADE"             :               4,   
		"SHAFT_CENTER_HEIG"    :             5.3,   
		"SHAFT_DIA"            :            0.65    
	}, 
	"ETC" : {
		"RUDDER_TYPE"          :               5,   
		"RUDDER_AREA"          :            34.3,   
		"BILGE_RADIUS"         :             3.5,   
		"CLASS"                :            "KR",   
		"ICE_CLASS"            :          "NONE",   
		"CRUISING_RANGE"       :            8000,   
		"COMPLEMENT"           :              10,   
		"AIR_DRAUGHT"          :            20.2,   
		"COMMENTS"             :     "Default 값",   
	}
}
  
  