[{"PROJECT_NO":"P_00_000", "SHIP_TITLE":"Example Data", "GENERAL_INFORMATION":"{\n    \"SHIP_TYPE\": 5,\n    \"STATUS\": \"\ud45c\uc900\uc120\ud615\",\n    \"OWNER\": \"KRISO\",\n    \"FLAG\": \"KOREA\",\n    \"PROJECT_DATE\": \"2023-09-20\",\n    \"PROJECT_MANAGER\": \"\uace0\ucc44\uc740\",\n    \"LINES_DESIGNER\": \"\uace0\ucc44\uc740\"\n}", "SHIP_INFORMATION":"{\n    \"SHIP SIZE\": 0,\n    \"LOA\": 0,\n    \"LBP\": 0,\n    \"BREADTH\": 0,\n    \"DEPTH\": 0,\n    \"DRAFT_TD_FORE\": 0,\n    \"DRART_TD_AFT\": 0,\n    \"DRAFT_TS_FORE\": 0,\n    \"DRAFT_TS_AFT\": 0,\n    \"CB_TD\": 0,\n    \"CB_TS\": 0,\n    \"LCB_TD\": 0,\n    \"LCB_TS\": 0,\n    \"CONTRACT_SPEED\": 0,\n    \"SPEED_TD\": 0,\n    \"SPEED_TS\": 0,\n    \"EEDI_TARGET\": 2,\n    \"SPEED_EEDI\": 0,\n    \"SPEED_BALLAST\": 0,\n    \"DEADWEIGHT_TD\": 0,\n    \"DEADWEIGHT_TS\": 0,\n    \"THRUSTER\": \"No Thruster\",\n    \"NO_BOW_THRUSTER\": 0,\n    \"NO_STERN_THRUSTER\": 0,\n    \"ESD_FORE\": \"No ESD\",\n    \"ESD_AFT\": \"No ESD\",\n    \"SEA_MARGIN\": 15.0,\n    \"MODEL_BASIN_SP\": \"KRISO\",\n    \"MODEL_BASIN_CAVI\": \"NONE\"\n}", "ENGINE_ROOM":"{\n    \"ENGINE_TYPE\": \"Engine\",\n    \"NO_ENGINE\": 0,\n    \"GEAR_RATIO\": 0,\n    \"NMCR_POWER\": 0,\n    \"NMCR_RPM\": 0,\n    \"SMCR_POWER\": 0,\n    \"SMCR_RPM\": 0,\n    \"NCR_POWER\": 0,\n    \"NCR_RPM\": 0,\n    \"SFOC_NCR\": 0,\n    \"SFOC_EEDI\": 0,\n    \"SPOC_NCR\": 0,\n    \"SFGC_NCR\": 0,\n    \"SFGC_EEDI\": 0,\n    \"RPM_MARGIN\": 0,\n    \"SHAFT_GEN_POWER\": 0\n}", "PROPELLER":"{\n    \"PROP_TYPE\": 0,\n    \"NO_PROP\": 0,\n    \"PROP_DIA\": 0,\n    \"MEAN_PITCH\": 0,\n    \"EAR\": 0,\n    \"NO_BLADE\": 0,\n    \"SHAFT_CENTER_HEIG\": 0,\n    \"SHAFT_DIA\": 0\n}", "ETC":"{\n    \"RUDDER_TYPE\": 5,\n    \"RUDDER_AREA\": 0,\n    \"BILGE_RADIUS\": 0,\n    \"CLASS\": \"NONE\",\n    \"ICE_CLASS\": \"NONE\",\n    \"CRUISING_RANGE\": 0,\n    \"COMPLEMENT\": 0,\n    \"AIR_DRAUGHT\": 0,\n    \"COMMENTS\": \"Default \uac12\"\n}"},
 {"PROJECT_NO":"P_18_001", "SHIP_TITLE":"180m\uae09 \ud55c\uc911 \uad6d\uc81c \ud56d\ud589 \uce74\ud398\ub9ac", "GENERAL_INFORMATION":"{\n    \"SHIP_TYPE\": 1,\n    \"STATUS\": \"\ud45c\uc900\uc120\ud615\",\n    \"OWNER\": \"\ub300\uc120\",\n    \"FLAG\": \"KOREA\",\n    \"PROJECT_DATE\": \"2018-12-12\",\n    \"PROJECT_MANAGER\": \"\uc190\ud638\uc900\",\n\"LINES_DESIGNER\": \"\uae40\uc2b9\ud604\"\n}", "SHIP_INFORMATION":"{\n    \"SHIP SIZE\": 180.0,\n    \"LOA\": 187.5,\n    \"LBP\": 174.0,\n    \"BREADTH\": 27.2,\n    \"DEPTH\": 15.0,\n    \"DRAFT_TD_FORE\": 6.2,\n    \"DRART_TD_AFT\": 6.2,\n    \"DRAFT_TS_FORE\": 0,\n    \"DRAFT_TS_AFT\": 0,\n    \"CB_TD\": 0.5738,\n    \"CB_TS\": 0.5738,\n    \"LCB_TD\": -4.04,\n    \"LCB_TS\": -4.04,\n    \"CONTRACT_SPEED\": 23.0,\n    \"SPEED_TD\": 0,\n    \"SPEED_TS\": 0,\n    \"EEDI_TARGET\": 3,\n    \"SPEED_EEDI\": 23.0,\n    \"SPEED_BALLAST\": 0,\n    \"DEADWEIGHT_TD\": 0,\n    \"DEADWEIGHT_TS\": 0,\n    \"THRUSTER\": \"No Thruster\",\n    \"NO_BOW_THRUSTER\": 0,\n    \"NO_STERN_THRUSTER\": 0,\n    \"ESD_FORE\": \"No ESD\",\n    \"ESD_AFT1\": \"Rudder Bulb\",\n    \"ESD_AFT2\": \"Intercepter\",\n    \"SEA_MARGIN\": 15.0,\n    \"MODEL_BASIN_SP\": \"KRISO\",\n    \"MODEL_BASIN_CAVI\": \"NONE\"\n}", "ENGINE_ROOM":"{\n    \"ENGINE_TYPE\": \"HIMSEN 9L46 60P\",\n    \"NO_ENGINE\": 0,\n    \"GEAR_RATIO\": 0,\n    \"NMCR_POWER\": 0,\n    \"NMCR_RPM\": 0,\n    \"SMCR_POWER\": 22500,\n    \"SMCR_RPM\": 162.4,\n    \"NCR_POWER\": 19125.0,\n    \"NCR_RPM\": 117.8,\n    \"SFOC_NCR\": 0,\n    \"SFOC_EEDI\": 0,\n    \"SPOC_NCR\": 0,\n    \"SFGC_NCR\": 0,\n    \"SFGC_EEDI\": 0,\n    \"RPM_MARGIN\": 5.0,\n    \"SHAFT_GEN_POWER\": 0\n}", "PROPELLER":"{\n    \"PROP_TYPE\": 1,\n    \"NO_PROP\": 2,\n    \"PROP_DIA\": 4.7,\n    \"MEAN_PITCH\": 1.0452,\n    \"EAR\": 0.522,\n    \"NO_BLADE\": 4,\n    \"SHAFT_CENTER_HEIG\": 2.45,\n    \"SHAFT_DIA\": 0\n}", "ETC":"{\n    \"RUDDER_TYPE\": 5,\n    \"RUDDER_AREA\": 0,\n    \"BILGE_RADIUS\": 4.0,\n    \"CLASS\": \"KR\",\n    \"ICE_CLASS\": \"NONE\",\n    \"CRUISING_RANGE\": 0,\n    \"COMPLEMENT\": 0,\n    \"AIR_DRAUGHT\": 0,\n    \"COMMENTS\": \"Default \uac12\"\n}"},
 {"PROJECT_NO":"P_19_001", "SHIP_TITLE":"7.5K LNG Bunkering Vessel", "GENERAL_INFORMATION":"{\n    \"SHIP_TYPE\": 2,\n    \"STATUS\": \"\ud45c\uc900\uc120\ud615\",\n    \"OWNER\": \"STX O&S\",\n    \"FLAG\": \"KOREA\",\n    \"PROJECT_DATE\": \"2019-03-22\",\n    \"PROJECT_MANAGER\": \"\uae40\uaddc\uc601\",\n\"LINES_DESIGNER\": \"\ucd5c\uc131\uc900\"\n}", "SHIP_INFORMATION":"{\n    \"SHIP SIZE\": 7500,\n    \"LOA\": 123.6,\n    \"LBP\": 118.5,\n    \"BREADTH\": 20.2,\n    \"DEPTH\": 10.7,\n    \"DRAFT_TD_FORE\": 5.1,\n    \"DRART_TD_AFT\": 5.1,\n    \"DRAFT_TS_FORE\": 0,\n    \"DRAFT_TS_AFT\": 0,\n    \"CB_TD\": 0.723,\n    \"CB_TS\": 0.723,\n    \"LCB_TD\": -1.43,\n    \"LCB_TS\": -1.43,\n    \"CONTRACT_SPEED\": 12.0,\n    \"SPEED_TD\": 12,\n    \"SPEED_TS\": 0,\n    \"EEDI_TARGET\": 0,\n    \"SPEED_EEDI\": 15.3,\n    \"SPEED_BALLAST\": 0,\n    \"DEADWEIGHT_TD\": 4247,\n    \"DEADWEIGHT_TS\": 4337,\n    \"THRUSTER\": \"No Thruster\",\n    \"NO_BOW_THRUSTER\": 0,\n    \"NO_STERN_THRUSTER\": 0,\n    \"ESD_FORE\": \"No ESD\",\n    \"ESD_AFT\": \"No ESD\",\n    \"SEA_MARGIN\": 15,\n    \"MODEL_BASIN_SP\": \"KRISO\",\n    \"MODEL_BASIN_CAVI\": \"NONE\"\n}", "ENGINE_ROOM":"{\r     \"ENGINE_TYPE\": \"W.8L20DF\",\r     \"NO_ENGINE\": 3,\r     \"GEAR_RATIO\": 20.2,\r     \"NMCR_POWER\": 10.7,\r     \"NMCR_RPM\": 0,\r     \"SMCR_POWER\": 6000,\r     \"SMCR_RPM\": 174.2,\r     \"NCR_POWER\": 2300,\r     \"NCR_RPM\": 228.0,\r     \"SFOC_NCR\": 0,\r     \"SFOC_EEDI\": 0,\r     \"SPOC_NCR\": 0,\r     \"SFGC_NCR\": 0,\r     \"SFGC_EEDI\": 0,\r     \"RPM_MARGIN\": 3,\r     \"SHAFT_GEN_POWER\": 0\r }", "PROPELLER":"{\n    \"PROP_TYPE\": 3,\n    \"NO_PROP\": 2,\n    \"PROP_DIA\": 2.6,\n    \"MEAN_PITCH\": 0,\n    \"EAR\": 0,\n    \"NO_BLADE\": 4,\n    \"SHAFT_CENTER_HEIG\": 2.13,\n    \"SHAFT_DIA\": 0\n}", "ETC":"{\n    \"RUDDER_TYPE\": 5,\n    \"RUDDER_AREA\": 0,\n    \"BILGE_RADIUS\": 2.2,\n    \"CLASS\": \"NONE\",\n    \"ICE_CLASS\": \"NONE\",\n    \"CRUISING_RANGE\": 0,\n    \"COMPLEMENT\": 22,\n    \"AIR_DRAUGHT\": 0,\n    \"COMMENTS\": \"2\uac1c\uc758 Azimth Thruster\ub85c \ucd94\uc9c4\"\n}"},
 {"PROJECT_NO":"P_19_002", "SHIP_TITLE":"12K CMB LNG \uc6b4\ubc18\uc120", "GENERAL_INFORMATION":"{\n    \"SHIP_TYPE\": 2,\n    \"STATUS\": \"\ud45c\uc900\uc120\ud615\",\n    \"OWNER\": \"\ub514\uc139\",\n    \"FLAG\": \"KOREA\",\n    \"PROJECT_DATE\": \"2019-03-22\",\n    \"PROJECT_MANAGER\": \"\ucd5c\uc131\uc900\",\n    \"LINES_DESIGNER\": \"\ucd5c\uc131\uc900\"\n}", "SHIP_INFORMATION":"{\n    \"SHIP SIZE\": 12000,\n    \"LOA\": 138.5,\n    \"LBP\": 132.0,\n    \"BREADTH\": 22.0,\n    \"DEPTH\": 12.0,\n    \"DRAFT_TD_FORE\": 6.2,\n    \"DRART_TD_AFT\": 6.2,\n    \"DRAFT_TS_FORE\": 6.2,\n    \"DRAFT_TS_AFT\": 6.2,\n    \"CB_TD\": 0,\n    \"CB_TS\": 0,\n    \"LCB_TD\": 0,\n    \"LCB_TS\": 0,\n    \"CONTRACT_SPEED\": 15.0,\n    \"SPEED_TD\": 0,\n    \"SPEED_TS\": 0,\n    \"EEDI_TARGET\": 0,\n    \"SPEED_EEDI\": 15.6,\n    \"SPEED_BALLAST\": 0,\n    \"DEADWEIGHT_TD\": 0,\n    \"DEADWEIGHT_TS\": 0,\n    \"THRUSTER\": \"No Thruster\",\n    \"NO_BOW_THRUSTER\": 0,\n    \"NO_STERN_THRUSTER\": 0,\n    \"ESD_FORE\": \"WED\",\n    \"ESD_AFT\": \"No ESD\",\n    \"SEA_MARGIN\": 15,\n    \"MODEL_BASIN_SP\": \"KRISO\",\n    \"MODEL_BASIN_CAVI\": \"NONE\"\n}", "ENGINE_ROOM":"{\n     \"ENGINE_TYPE\": \"6L35ME-CR9.7-GI\",\n     \"NO_ENGINE\": 1,\n     \"GEAR_RATIO\": 0,\n     \"NMCR_POWER\": 0,\n     \"NMCR_RPM\": 0,\n     \"SMCR_POWER\": 5105.0,\n     \"SMCR_RPM\": 167.0,\n     \"NCR_POWER\": 4339.0,\n     \"NCR_RPM\": 158.2,\n     \"SFOC_NCR\": 188,\n     \"SFOC_EEDI\": 0,\n     \"SPOC_NCR\": 6.9,\n     \"SFGC_NCR\": 0,\n     \"SFGC_EEDI\": 0,\n     \"RPM_MARGIN\": 5,\n     \"SHAFT_GEN_POWER\": 0\n }", "PROPELLER":"{\n    \"PROP_TYPE\": 0,\n    \"NO_PROP\": 1,\n    \"PROP_DIA\": 4.4,\n    \"MEAN_PITCH\": 0.707,\n    \"EAR\": 0.573,\n    \"NO_BLADE\": 4,\n    \"SHAFT_CENTER_HEIG\": 2.4,\n    \"SHAFT_DIA\": 0\n}", "ETC":"{\n    \"RUDDER_TYPE\": 5,\n    \"RUDDER_AREA\": 0,\n    \"BILGE_RADIUS\": 1.6,\n    \"CLASS\": \"NONE\",\n    \"ICE_CLASS\": \"NONE\",\n    \"CRUISING_RANGE\": 0,\n    \"COMPLEMENT\": 18,\n    \"AIR_DRAUGHT\": 0,\n    \"COMMENTS\": \"Stock Propeller\ub85c \ubaa8\ud615\uc2dc\ud5d8\"\n}"},
 {"PROJECT_NO":"P_19_003", "SHIP_TITLE":"10K\uae09 LNG Bunkering Vessel", "GENERAL_INFORMATION":"{\n    \"SHIP_TYPE\": 2,\n    \"STATUS\": \"\ud45c\uc900\uc120\ud615\",\n    \"OWNER\": \"\ucf54\ub9c9\",\n    \"FLAG\": \"KOREA\",\n    \"PROJECT_DATE\": \"2019-05-07\",\n    \"PROJECT_MANAGER\": \"\ucd5c\ubbfc\uc12d\",\n    \"LINES_DESIGNER\": \"\ucd5c\uc740\uc9c0\"\n}", "SHIP_INFORMATION":"{\n    \"SHIP SIZE\": 10000,\n    \"LOA\": 129.9,\n    \"LBP\": 124.0,\n    \"BREADTH\": 22.0,\n    \"DEPTH\": 11.8,\n    \"DRAFT_TD_FORE\": 5.8,\n    \"DRART_TD_AFT\": 5.8,\n    \"DRAFT_TS_FORE\": 6.0,\n    \"DRAFT_TS_AFT\": 6.0,\n    \"CB_TD\": 0.7300,\n    \"CB_TS\": 0.7300,\n    \"LCB_TD\": 0,\n    \"LCB_TS\": 0,\n    \"CONTRACT_SPEED\" : 15.0,\n    \"SPEED_TD\": 0,\n    \"SPEED_TS\": 0,\n    \"EEDI_TARGET\": 0,\n    \"SPEED_EEDI\": 15.3,\n    \"SPEED_BALLAST\": 0,\n    \"DEADWEIGHT_TD\": 5900,\n    \"DEADWEIGHT_TS\": 6300,\n    \"THRUSTER\": \"No Thruster\",\n    \"NO_BOW_THRUSTER\": 0,\n    \"NO_STERN_THRUSTER\": 0,\n    \"ESD_FORE\": \"No ESD\",\n    \"ESD_AFT\": \"No ESD\",\n    \"SEA_MARGIN\":  15.0,\n    \"MODEL_BASIN_SP\": \"KRISO\",\n    \"MODEL_BASIN_CAVI\": \"NONE\"\n}", "ENGINE_ROOM":"{\n    \"ENGINE_TYPE\": \"12V34DF\",\n    \"NO_ENGINE\": 1,\n    \"GEAR_RATIO\": 0,\n    \"NMCR_POWER\": 0,\n    \"NMCR_RPM\": 0,\n    \"SMCR_POWER\": 6000,\n    \"SMCR_RPM\": 174.2,\n    \"NCR_POWER\": 5100,\n    \"NCR_RPM\": 165,\n    \"SFOC_NCR\": 182.1,\n    \"SFOC_EEDI\": 0,\n    \"SPOC_NCR\": 2.5,\n    \"SFGC_NCR\": 0,\n    \"SFGC_EEDI\": 0,\n    \"RPM_MARGIN\": 5,\n    \"SHAFT_GEN_POWER\": 850.0\n}", "PROPELLER":"{\n    \"PROP_TYPE\": 1,\n    \"NO_PROP\": 1,\n    \"PROP_DIA\": 4.4,\n    \"MEAN_PITCH\": 0,\n    \"EAR\": 0,\n    \"NO_BLADE\": 4,\n    \"SHAFT_CENTER_HEIG\": 2.35,\n    \"SHAFT_DIA\": 0\n}", "ETC":"{\n    \"RUDDER_TYPE\": 5,\n    \"RUDDER_AREA\": 1.63,\n    \"BILGE_RADIUS\": 1.6,\n    \"CLASS\": \"ABS\",\n    \"ICE_CLASS\": \"NONE\",\n    \"CRUISING_RANGE\": 3000,\n    \"COMPLEMENT\": 18,\n    \"AIR_DRAUGHT\": 0,\n    \"COMMENTS\": \"\ubbf8\uad6d \uc120\uc8fc \uc694\uccad\uc6a9\"\n}"},
 {"PROJECT_NO":"P_19_004", "SHIP_TITLE":"1800TEU LNG Fueled Container Ship", "GENERAL_INFORMATION":"{\n    \"SHIP_TYPE\": 5,\n    \"STATUS\": \"\ud45c\uc900\uc120\ud615\",\n    \"OWNER\": \"\uc0bc\uac15\",\n    \"FLAG\": \"KOREA\",\n    \"PROJECT_DATE\": \"2019-05-31\",\n    \"PROJECT_MANAGER\": \"\ucd5c\ubbfc\uc12d\",\n    \"LINES_DESIGNER\": \"\uc1a1\uc81c\ud558\"\n}", "SHIP_INFORMATION":"{\n    \"SHIP SIZE\": 1800,\n    \"LOA\": 171.9,\n    \"LBP\": 164.0,\n    \"BREADTH\": 30.0,\n    \"DEPTH\": 16.5,\n    \"DRAFT_TD_FORE\": 8.5,\n    \"DRART_TD_AFT\": 8.5,\n    \"DRAFT_TS_FORE\": 9.5,\n    \"DRAFT_TS_AFT\": 9.5,\n    \"CB_TD\": 0.64,\n    \"CB_TS\": 0.667,\n    \"LCB_TD\": -0.70,\n    \"LCB_TS\": 0,\n    \"CONTRACT_SPEED\" : 18.5,\n    \"SPEED_TD\": 0,\n    \"SPEED_TS\": 0,\n    \"EEDI_TARGET\": 3,\n    \"SPEED_EEDI\": 0,\n    \"SPEED_BALLAST\": 0,\n    \"DEADWEIGHT_TD\": 0,\n    \"DEADWEIGHT_TS\": 0,\n    \"THRUSTER\": \"Bow Thruster\",\n    \"NO_BOW_THRUSTER\": 1,\n    \"NO_STERN_THRUSTER\": 0,\n    \"ESD_FORE\": \"No ESD\",\n    \"ESD_AFT\": \"No ESD\",\n    \"SEA_MARGIN\":  15.0,\n    \"MODEL_BASIN_SP\": \"KRISO\",\n    \"MODEL_BASIN_CAVI\": \"KRISO\"\n}", "ENGINE_ROOM":"{\n    \"ENGINE_TYPE\": \"MAN 6S60ME-C10.5-GlEGR\",\n    \"NO_ENGINE\": 0,\n    \"GEAR_RATIO\": 0,\n    \"NMCR_POWER\": 14940,\n    \"NMCR_RPM\": 105.0,\n    \"SMCR_POWER\": 12850,\n    \"SMCR_RPM\": 105,\n    \"NCR_POWER\": 9638,\n    \"NCR_RPM\": 95.4,\n    \"SFOC_NCR\": 155.4,\n    \"SFOC_EEDI\": 0,\n    \"SPOC_NCR\": 0,\n    \"SFGC_NCR\": 0,\n    \"SFGC_EEDI\": 0,\n    \"RPM_MARGIN\": 5,\n    \"SHAFT_GEN_POWER\": 0\n}", "PROPELLER":"{\n    \"PROP_TYPE\": 0,\n    \"NO_PROP\": 1,\n    \"PROP_DIA\": 6.6,\n    \"MEAN_PITCH\": 0.89,\n    \"EAR\": 0.61,\n    \"NO_BLADE\": 5,\n    \"SHAFT_CENTER_HEIG\": 3.5,\n    \"SHAFT_DIA\": 0.55\n}", "ETC":"{\n    \"RUDDER_TYPE\": 0,\n    \"RUDDER_AREA\": 16.7,\n    \"BILGE_RADIUS\": 3.0,\n    \"CLASS\": \"NONE\",\n    \"ICE_CLASS\": \"NONE\",\n    \"CRUISING_RANGE\": 0,\n    \"COMPLEMENT\": 0,\n    \"AIR_DRAUGHT\": 0,\n    \"COMMENTS\": \"-\"\n}"},
 {"PROJECT_NO":"P_19_005", "SHIP_TITLE":"3500CBM LPG \uc6b4\ubc18\uc120", "GENERAL_INFORMATION":"{\n    \"SHIP_TYPE\": 3,\n    \"STATUS\": \"\uc218\uc8fc\uacc4\uc57d\",\n    \"OWNER\": \"GS \uce7c\ud14d\uc2a4\",\n    \"FLAG\": \"KOREA\",\n    \"PROJECT_DATE\": \"2019-06-04\",\n    \"PROJECT_MANAGER\": \"\ucd5c\ubbfc\uc12d\",\n\"LINES_DESIGNER\": \"\ucd5c\uc131\uc900\"\n}", "SHIP_INFORMATION":"{\n    \"SHIP SIZE\": 3500,\n    \"LOA\": 97.0,\n    \"LBP\": 90.0,\n    \"BREADTH\": 16.0,\n    \"DEPTH\": 7.3,\n    \"DRAFT_TD_FORE\": 5.2,\n    \"DRART_TD_AFT\": 5.2,\n    \"DRAFT_TS_FORE\": 5.5,\n    \"DRAFT_TS_AFT\": 5.5,\n    \"CB_TD\": 0.75,\n    \"CB_TS\": 0.757,\n    \"LCB_TD\": 1.2811,\n    \"LCB_TS\": 1.0011,\n    \"CONTRACT_SPEED\": 13.5,\n    \"SPEED_TD\": 0,\n    \"SPEED_TS\": 0,\n    \"EEDI_TARGET\": 2,\n    \"SPEED_EEDI\": 14.1,\n    \"SPEED_BALLAST\": 0,\n    \"DEADWEIGHT_TD\": 0,\n    \"DEADWEIGHT_TS\": 3550,\n    \"THRUSTER\": 0,\n    \"NO_BOW_THRUSTER\": 0,\n    \"NO_STERN_THRUSTER\": 0,\n    \"ESD_FORE\": 0,\n    \"ESD_AFT\": 0,\n    \"SEA_MARGIN\": 15,\n    \"MODEL_BASIN_SP\": \"KRISO\",\n    \"MODEL_BASIN_CAVI\": \"KRISO\"\n}", "ENGINE_ROOM":"{\n     \"ENGINE_TYPE\": \"6L35MC6.1 NOx Tier II\",\n     \"NO_ENGINE\": 0,\n     \"GEAR_RATIO\": 0,\n     \"NMCR_POWER\": 0,\n     \"NMCR_RPM\": 0,\n     \"SMCR_POWER\": 2700,\n     \"SMCR_RPM\": 182,\n     \"NCR_POWER\": 2025,\n     \"NCR_RPM\": 165.4,\n     \"SFOC_NCR\": 173.2,\n     \"SFOC_EEDI\": 0,\n     \"SPOC_NCR\": 0,\n     \"SFGC_NCR\": 0,\n     \"SFGC_EEDI\": 0,\n     \"RPM_MARGIN\": 5,\n     \"SHAFT_GEN_POWER\": 0\n }", "PROPELLER":"{\n    \"PROP_TYPE\": 0,\n    \"NO_PROP\": 1,\n    \"PROP_DIA\": 3.4,\n    \"MEAN_PITCH\": 0.838,\n    \"EAR\": 0.52,\n    \"NO_BLADE\": 4,\n    \"SHAFT_CENTER_HEIG\": 1.85,\n    \"SHAFT_DIA\": 0.3\n}", "ETC":"{\n    \"RUDDER_TYPE\": 0,\n    \"RUDDER_AREA\": 1.88,\n    \"BILGE_RADIUS\": 1.2,\n    \"CLASS\": \"KR\",\n    \"ICE_CLASS\": \"NONE\",\n    \"CRUISING_RANGE\": 0,\n    \"COMPLEMENT\": 18,\n    \"AIR_DRAUGHT\": 0,\n    \"COMMENTS\": \"GS \uce7c\ud14d\uc2a4 \uc694\uad6c\ub85c 5,000CBM\uc5d0\uc11c 3,500CBM\uc73c\ub85c \ubcc0\uacbd\"\n}"},
 {"PROJECT_NO":"P_19_006", "SHIP_TITLE":"160m\uae09 LPG \uc5f0\ub8cc\ucd94\uc9c4 \uc5ec\uac1d\uc120", "GENERAL_INFORMATION":"{\n    \"SHIP_TYPE\": 1,\n    \"STATUS\": \"\ud45c\uc900\uc120\ud615\",\n    \"OWNER\": \"\uadf9\ub3d9\",\n    \"FLAG\": \"KOREA\",\n    \"PROJECT_DATE\": \"2019-07-25\",\n    \"PROJECT_MANAGER\": \"\uc190\ud638\uc900\",\n    \"LINES_DESIGNER\": \"\uae40\uc2b9\ud604\"\n}", "SHIP_INFORMATION":"{\n    \"SHIP SIZE\": 160,\n    \"LOA\": 160,\n    \"LBP\": 148,\n    \"BREADTH\": 25.0,\n    \"DEPTH\": 13.65,\n    \"DRAFT_TD_FORE\": 5.6,\n    \"DRART_TD_AFT\": 5.6,\n    \"DRAFT_TS_FORE\": 0,\n    \"DRAFT_TS_AFT\": 0,\n    \"CB_TD\": 0,\n    \"CB_TS\": 0,\n    \"LCB_TD\": 0,\n    \"LCB_TS\": 0,\n    \"CONTRACT_SPEED\" : 22,\n    \"SPEED_TD\": 0,\n    \"SPEED_TS\": 0,\n    \"EEDI_TARGET\": 2,\n    \"SPEED_EEDI\": 0,\n    \"SPEED_BALLAST\": 0,\n    \"DEADWEIGHT_TD\": 0,\n    \"DEADWEIGHT_TS\": 0,\n    \"THRUSTER\": \"No Thruster\",\n    \"NO_BOW_THRUSTER\": 0,\n    \"NO_STERN_THRUSTER\": 0,\n    \"ESD_FORE\": \"No ESD\",\n    \"ESD_AFT\": \"Intercepter\",\n    \"SEA_MARGIN\":  10.0,\n    \"MODEL_BASIN_SP\": \"KRISO\",\n    \"MODEL_BASIN_CAVI\": \"NONE\"\n}", "ENGINE_ROOM":"{\n    \"ENGINE_TYPE\": \"GE LM2500\",\n    \"NO_ENGINE\": 0,\n    \"GEAR_RATIO\": 0,\n    \"NMCR_POWER\": 0,\n    \"NMCR_RPM\": 0,\n    \"SMCR_POWER\": 16000,\n    \"SMCR_RPM\": 174.4,\n    \"NCR_POWER\": 16000,\n    \"NCR_RPM\": 174.4,\n    \"SFOC_NCR\": 0,\n    \"SFOC_EEDI\": 0,\n    \"SPOC_NCR\": 0,\n    \"SFGC_NCR\": 0,\n    \"SFGC_EEDI\": 0,\n    \"RPM_MARGIN\": 5,\n    \"SHAFT_GEN_POWER\": 0\n}", "PROPELLER":"{\n    \"PROP_TYPE\": 1,\n    \"NO_PROP\": 2,\n    \"PROP_DIA\": 4.3,\n    \"MEAN_PITCH\": 0,\n    \"EAR\": 0,\n    \"NO_BLADE\": 4,\n    \"SHAFT_CENTER_HEIG\": 2.2,\n    \"SHAFT_DIA\": 0\n}", "ETC":"{\n    \"RUDDER_TYPE\": 4,\n    \"RUDDER_AREA\": 1.52,\n    \"BILGE_RADIUS\": 4.0,\n    \"CLASS\": \"NONE\",\n    \"ICE_CLASS\": \"NONE\",\n    \"CRUISING_RANGE\": 0,\n    \"COMPLEMENT\": 0,\n    \"AIR_DRAUGHT\": 0,\n    \"COMMENTS\": \"\uac00\uc2a4\ud130\ube48 \uc5d4\uc9c4\uc0ac\uc6a9, Twin Strut\"\n}"},
 {"PROJECT_NO":"P_19_007", "SHIP_TITLE":"114K Aframax Tanker", "GENERAL_INFORMATION":"{\n    \"SHIP_TYPE\": 0,\n    \"STATUS\": \"\ud45c\uc900\uc120\ud615\",\n    \"OWNER\": \"\ub514\uc139\",\n    \"FLAG\": \"KOREA\",\n    \"PROJECT_DATE\": \"2019-08-19\",\n    \"PROJECT_MANAGER\": \"\uc815\uc6a9\uc11d\",\n    \"LINES_DESIGNER\": \"\ucd5c\uc740\uc9c0\"\n}", "SHIP_INFORMATION":"{\n    \"SHIP SIZE\":  114000,\n    \"LOA\": 249.9,\n    \"LBP\": 245.5,\n    \"BREADTH\": 44.0,\n    \"DEPTH\": 21.2,\n    \"DRAFT_TD_FORE\": 13.6,\n    \"DRART_TD_AFT\": 13.6,\n    \"DRAFT_TS_FORE\": 0,\n    \"DRAFT_TS_AFT\": 0,\n    \"CB_TD\": 0,\n    \"CB_TS\": 0,\n    \"LCB_TD\": 0,\n    \"LCB_TS\": 0,\n    \"CONTRACT_SPEED\" : 14.0,\n    \"SPEED_TD\": 0,\n    \"SPEED_TS\": 0,\n    \"EEDI_TARGET\": 0,\n    \"SPEED_EEDI\": 0,\n    \"SPEED_BALLAST\": 0,\n    \"DEADWEIGHT_TD\": 0,\n    \"DEADWEIGHT_TS\": 0,\n    \"THRUSTER\": \"No Thruster\",\n    \"NO_BOW_THRUSTER\": 0,\n    \"NO_STERN_THRUSTER\": 0,\n    \"ESD_FORE\": \"No ESD\",\n    \"ESD_AFT\": \"BMS Rudder\",\n    \"SEA_MARGIN\":  15.0,\n    \"MODEL_BASIN_SP\": \"KRISO\",\n    \"MODEL_BASIN_CAVI\": \"KRISO\"\n}", "ENGINE_ROOM":"{\n    \"ENGINE_TYPE\": \"MAN B&W 6G60ME-C10.5-GI\",\n    \"NO_ENGINE\": 0,\n    \"GEAR_RATIO\": 0,\n    \"NMCR_POWER\": 0,\n    \"NMCR_RPM\": 0,\n    \"SMCR_POWER\": 12690.0,\n    \"SMCR_RPM\": 86.8,\n    \"NCR_POWER\": 8250.0,\n    \"NCR_RPM\": 75.2,\n    \"SFOC_NCR\": 152.5,\n    \"SFOC_EEDI\": 0,\n    \"SPOC_NCR\": 0,\n    \"SFGC_NCR\": 0,\n    \"SFGC_EEDI\": 0,\n    \"RPM_MARGIN\": 5.0,\n    \"SHAFT_GEN_POWER\": 0\n}", "PROPELLER":"{\n    \"PROP_TYPE\": 0,\n    \"NO_PROP\": 1,\n    \"PROP_DIA\": 7.8,\n    \"MEAN_PITCH\": 0.755,\n    \"EAR\": 0.45,\n    \"NO_BLADE\": 4,\n    \"SHAFT_CENTER_HEIG\": 4.2,\n    \"SHAFT_DIA\": 0.64\n}", "ETC":"{\n    \"RUDDER_TYPE\": 5,\n    \"RUDDER_AREA\": 0,\n    \"BILGE_RADIUS\": 1.2,\n    \"CLASS\": \"KR\",\n    \"ICE_CLASS\": \"NONE\",\n    \"CRUISING_RANGE\": 0,\n    \"COMPLEMENT\": 0,\n    \"AIR_DRAUGHT\": 0,\n    \"COMMENTS\": \"-\"\n}"},
 {"PROJECT_NO":"P_19_008", "SHIP_TITLE":"499Ton \uc6d0\uc591 \ucc44\ub09a\uae30 \uc5b4\uc120", "GENERAL_INFORMATION":"{\n    \"SHIP_TYPE\": 2,\n    \"STATUS\": \"\uc218\uc8fc\uacc4\uc57d\",\n    \"OWNER\": \"\uc544\uadf8\ub124\uc2a4 \uc218\uc0b0\",\n    \"FLAG\": \"KOREA\",\n    \"PROJECT_DATE\": \"2019-08-22\",\n    \"PROJECT_MANAGER\": \"\uc815\ubcf4\uc900\",\n    \"LINES_DESIGNER\": \"\ub958\uc0c1\uc644\"\n}", "SHIP_INFORMATION":"{\n    \"SHIP SIZE\": 499,\n    \"LOA\": 73.5,\n    \"LBP\": 64.0,\n    \"BREADTH\": 11.0,\n    \"DEPTH\": 7.2,\n    \"DRAFT_TD_FORE\": 4.3,\n    \"DRART_TD_AFT\": 4.3,\n    \"DRAFT_TS_FORE\": 0,\n    \"DRAFT_TS_AFT\": 0,\n    \"CB_TD\": 0,\n    \"CB_TS\": 0,\n    \"LCB_TD\": 0,\n    \"LCB_TS\": 0,\n    \"CONTRACT_SPEED\" : 13.0,\n    \"SPEED_TD\": 0,\n    \"SPEED_TS\": 0,\n    \"EEDI_TARGET\": 0,\n    \"SPEED_EEDI\": 0,\n    \"SPEED_BALLAST\": 0,\n    \"DEADWEIGHT_TD\": 0,\n    \"DEADWEIGHT_TS\": 0,\n    \"THRUSTER\": \"No Thruster\",\n    \"NO_BOW_THRUSTER\": 0,\n    \"NO_STERN_THRUSTER\": 0,\n    \"ESD_FORE\": \"WED\",\n    \"ESD_AFT\": \"No ESD\",\n    \"SEA_MARGIN\":  15.0,\n    \"MODEL_BASIN_SP\": \"KRISO\",\n    \"MODEL_BASIN_CAVI\": \"KRISO\"\n}", "ENGINE_ROOM":"{\n    \"ENGINE_TYPE\": \"NIIGATE 6M34BGT\",\n    \"NO_ENGINE\": 0,\n    \"GEAR_RATIO\": 0,\n    \"NMCR_POWER\": 0,\n    \"NMCR_RPM\": 0,\n    \"SMCR_POWER\": 1618.0,\n    \"SMCR_RPM\": 310.0,\n    \"NCR_POWER\": 1375.0,\n    \"NCR_RPM\": 293.7,\n    \"SFOC_NCR\": 0,\n    \"SFOC_EEDI\": 0,\n    \"SPOC_NCR\": 0,\n    \"SFGC_NCR\": 0,\n    \"SFGC_EEDI\": 0,\n    \"RPM_MARGIN\": 5.0,\n    \"SHAFT_GEN_POWER\": 0\n}", "PROPELLER":"{\n    \"PROP_TYPE\": 0,\n    \"NO_PROP\": 1,\n    \"PROP_DIA\": 2.5,\n    \"MEAN_PITCH\": 0.588,\n    \"EAR\": 0.625,\n    \"NO_BLADE\": 4,\n    \"SHAFT_CENTER_HEIG\": 1.8,\n    \"SHAFT_DIA\": 0.22\n}", "ETC":"{\n    \"RUDDER_TYPE\": 5,\n    \"RUDDER_AREA\": 2.2,\n    \"BILGE_RADIUS\": 1.2,\n    \"CLASS\": \"KR\",\n    \"ICE_CLASS\": \"NONE\",\n    \"CRUISING_RANGE\": 0,\n    \"COMPLEMENT\": 0,\n    \"AIR_DRAUGHT\": 0,\n    \"COMMENTS\": \"Default \uac12\"\n}"},
 {"PROJECT_NO":"P_19_009", "SHIP_TITLE":"Ice Class Aframax Tanker", "GENERAL_INFORMATION":"{\n    \"SHIP_TYPE\": 0,\n    \"STATUS\": \"\ud45c\uc900\uc120\ud615\",\n    \"OWNER\": \"\ub300\ud55c\",\n    \"FLAG\": \"-\",\n    \"PROJECT_DATE\": \"2019-11-29\",\n    \"PROJECT_MANAGER\": \"\uc774\uc655\uc218\",\n    \"LINES_DESIGNER\": \"DSEC\"\n}", "SHIP_INFORMATION":"{\n    \"SHIP SIZE\": 114.0,\n    \"LOA\": 249.9,\n    \"LBP\": 245.5,\n    \"BREADTH\": 44.0,\n    \"DEPTH\": 21.2,\n    \"DRAFT_TD_FORE\": 13.6,\n    \"DRART_TD_AFT\": 13.6,\n    \"DRAFT_TS_FORE\": 0,\n    \"DRAFT_TS_AFT\": 0,\n    \"CB_TD\": 0,\n    \"CB_TS\": 0,\n    \"LCB_TD\": 0,\n    \"LCB_TS\": 0,\n    \"CONTRACT_SPEED\" : 14.0,\n    \"SPEED_TD\": 0,\n    \"SPEED_TS\": 0,\n    \"EEDI_TARGET\": 2,\n    \"SPEED_EEDI\": 0,\n    \"SPEED_BALLAST\": 0,\n    \"DEADWEIGHT_TD\": 0,\n    \"DEADWEIGHT_TS\": 0,\n    \"THRUSTER\": \"No Thruster\",\n    \"NO_BOW_THRUSTER\": 0,\n    \"NO_STERN_THRUSTER\": 0,\n    \"ESD_FORE\": \"No ESD\",\n    \"ESD_AFT\": \"Rudder Bulb\",\n    \"SEA_MARGIN\":  15.0,\n    \"MODEL_BASIN_SP\": \"KRISO\",\n    \"MODEL_BASIN_CAVI\": \"KRISO\"\n}", "ENGINE_ROOM":"{\n    \"ENGINE_TYPE\": \"MAN 6G60ME-C9.5-EGRBP\",\n    \"NO_ENGINE\": 0,\n    \"GEAR_RATIO\": 0,\n    \"NMCR_POWER\": 0,\n    \"NMCR_RPM\": 0,\n    \"SMCR_POWER\": 13478.0,\n    \"SMCR_RPM\": 85.6,\n    \"NCR_POWER\": 8302.0,\n    \"NCR_RPM\": 72.8,\n    \"SFOC_NCR\": 158.6,\n    \"SFOC_EEDI\": 0,\n    \"SPOC_NCR\": 0,\n    \"SFGC_NCR\": 0,\n    \"SFGC_EEDI\": 0,\n    \"RPM_MARGIN\": 5.0,\n    \"SHAFT_GEN_POWER\": 0\n}", "PROPELLER":"{\n    \"PROP_TYPE\": 0,\n    \"NO_PROP\": 1,\n    \"PROP_DIA\": 8.1,\n    \"MEAN_PITCH\": 0.7611,\n    \"EAR\": 0.4227,\n    \"NO_BLADE\": 4,\n    \"SHAFT_CENTER_HEIG\": 4.2,\n    \"SHAFT_DIA\": 0.59\n}", "ETC":"{\n    \"RUDDER_TYPE\": 4,\n    \"RUDDER_AREA\": 0,\n    \"BILGE_RADIUS\": 2.0,\n    \"CLASS\": \"LR\",\n    \"ICE_CLASS\": \"NONE\",\n    \"CRUISING_RANGE\": 0,\n    \"COMPLEMENT\": 0,\n    \"AIR_DRAUGHT\": 0,\n    \"COMMENTS\": \"DSEC\uc5d0\uc11c \ud504\ub85c\ud3a0\ub7ec \uc124\uacc4 \ubc0f \ubaa8\ud615\uc2dc\ud5d8\uc744 \uc704\ud574 \uc758\ub8b0\ud55c \ud504\ub85c\uc81d\ud2b8\"\n}"},
 {"PROJECT_NO":"P_19_010", "SHIP_TITLE":"11.5K Crude Oil Tanker", "GENERAL_INFORMATION":"{\n    \"SHIP_TYPE\": 0,\n    \"STATUS\": \"\ud45c\uc900\uc120\ud615\",\n    \"OWNER\": \"\uadf9\ub3d9\",\n    \"FLAG\": \"SUDAN\",\n    \"PROJECT_DATE\": \"2019-12-04\",\n    \"PROJECT_MANAGER\": \"\uc815\ubcf4\uc900\",\n\"LINES_DESIGNER\": \"\ub958\uc0c1\uc644\"\n}", "SHIP_INFORMATION":"{\n    \"SHIP SIZE\": 11500,\n    \"LOA\": 123.0,\n    \"LBP\": 115.0,\n    \"BREADTH\": 20.4,\n    \"DEPTH\": 11.5,\n    \"DRAFT_TD_FORE\": 8.4,\n    \"DRART_TD_AFT\": 8.4,\n    \"DRAFT_TS_FORE\": 8.4,\n    \"DRAFT_TS_AFT\": 8.4,\n    \"CB_TD\": 0.763,\n    \"CB_TS\": 0,\n    \"LCB_TD\": 0,\n    \"LCB_TS\": 0,\n    \"CONTRACT_SPEED\": 12.0,\n    \"SPEED_TD\": 0,\n    \"SPEED_TS\": 0,\n    \"EEDI_TARGET\": 3,\n    \"SPEED_EEDI\": 13.27,\n    \"SPEED_BALLAST\": 0,\n    \"DEADWEIGHT_TD\": 11500,\n    \"DEADWEIGHT_TS\": 0,\n    \"THRUSTER\": \"No Thruster\",\n    \"NO_BOW_THRUSTER\": 0,\n    \"NO_STERN_THRUSTER\": 0,\n    \"ESD_FORE\": \"WED\",\n    \"ESD_AFT\": \"No ESD\",\n    \"SEA_MARGIN\": 15.0,\n    \"MODEL_BASIN_SP\": \"KRISO\",\n    \"MODEL_BASIN_CAVI\": \"KRISO\"\n}", "ENGINE_ROOM":"{\n    \"ENGINE_TYPE\": \"6L35MC6.1\",\n    \"NO_ENGINE\": 1,\n    \"GEAR_RATIO\": 0,\n    \"NMCR_POWER\": 3900,\n    \"NMCR_RPM\": 210,\n    \"SMCR_POWER\": 3300,\n    \"SMCR_RPM\": 210,\n    \"NCR_POWER\": 2805,\n    \"NCR_RPM\": 198.8,\n    \"SFOC_NCR\": 184.5,\n    \"SFOC_EEDI\": 0,\n    \"SPOC_NCR\": 0,\n    \"SFGC_NCR\": 0,\n    \"SFGC_EEDI\": 0,\n    \"RPM_MARGIN\": 5,\n    \"SHAFT_GEN_POWER\": 0\n}", "PROPELLER":"{\n    \"PROP_TYPE\": 0,\n    \"NO_PROP\": 1,\n    \"PROP_DIA\": 3.8,\n    \"MEAN_PITCH\": 0.565,\n    \"EAR\": 0.515,\n    \"NO_BLADE\": 4,\n    \"SHAFT_CENTER_HEIG\": 2.45,\n    \"SHAFT_DIA\": 0.28\n}", "ETC":"{\n    \"RUDDER_TYPE\":5,\n    \"RUDDER_AREA\": 0,\n    \"BILGE_RADIUS\": 1.4,\n    \"CLASS\": \"KR\",\n    \"ICE_CLASS\": \"NONE\",\n    \"CRUISING_RANGE\": 27,\n    \"COMPLEMENT\": 21,\n    \"AIR_DRAUGHT\": 0,\n    \"COMMENTS\": \"\uc544\ud504\ub9ac\uce74 \uc9c0\uc5ed \uc2e0\uc870\uc0ac\uc5c5\uc744 \uc704\ud55c \uc120\ubc15\"\n}"},
 {"PROJECT_NO":"P_20_001", "SHIP_TITLE":"180m\uae09 Ro-Ro \ud654\ubb3c\uc120", "GENERAL_INFORMATION":"{\n    \"SHIP_TYPE\": 4,\n    \"STATUS\": \"\ud45c\uc900\uc120\ud615\",\n    \"OWNER\": \"\ub300\uc120\",\n    \"FLAG\": \"KOREA\",\n    \"PROJECT_DATE\": \"2020-03-18\",\n    \"PROJECT_MANAGER\": \"\uc190\ud638\uc900\",\n    \"LINES_DESIGNER\": \"\uae40\uc2b9\ud604\"\n}", "SHIP_INFORMATION":"{\n    \"SHIP SIZE\": 180.0,\n    \"LOA\": 185.7,\n    \"LBP\": 178.0,\n    \"BREADTH\" : 27.0,\n    \"DEPTH\": 9.5,\n    \"DRAFT_TD_FORE\": 6.25,\n    \"DRART_TD_AFT\": 6.25,\n    \"DRAFT_TS_FORE\": 0,\n    \"DRAFT_TS_AFT\": 0,\n    \"CB_TD\": 0,\n    \"CB_TS\": 0,\n    \"LCB_TD\": 0,\n    \"LCB_TS\": 0,\n    \"CONTRACT_SPEED\" : 20,\n    \"SPEED_TD\": 0,\n    \"SPEED_TS\": 0,\n    \"EEDI_TARGET\": 2,\n    \"SPEED_EEDI\": 20,\n    \"SPEED_BALLAST\": 0,\n    \"DEADWEIGHT_TD\": 0,\n    \"DEADWEIGHT_TS\": 0,\n    \"THRUSTER\": \"No Thruster\",\n    \"NO_BOW_THRUSTER\": 0,\n    \"NO_STERN_THRUSTER\": 0,\n    \"ESD_FORE\": \"No ESD\",\n    \"ESD_AFT\": \"Rudder Bulb\",\n    \"SEA_MARGIN\":  15.0,\n    \"MODEL_BASIN_SP\": \"KRISO\",\n    \"MODEL_BASIN_CAVI\": \"NONE\"\n}", "ENGINE_ROOM":"{\n    \"ENGINE_TYPE\": \"Wartsila_12V46F\",\n    \"NO_ENGINE\": 0,\n    \"GEAR_RATIO\": 0,\n    \"NMCR_POWER\": 0,\n    \"NMCR_RPM\": 0,\n    \"SMCR_POWER\": 14400.0,\n    \"SMCR_RPM\": 127.5,\n    \"NCR_POWER\": 12240,\n    \"NCR_RPM\": 120.8,\n    \"SFOC_NCR\": 185.6,\n    \"SFOC_EEDI\": 0,\n    \"SPOC_NCR\": 0,\n    \"SFGC_NCR\": 0,\n    \"SFGC_EEDI\": 0,\n    \"RPM_MARGIN\": 5,\n    \"SHAFT_GEN_POWER\": 0\n}", "PROPELLER":"{\n    \"PROP_TYPE\": 1,\n    \"NO_PROP\": 1,\n    \"PROP_DIA\": 5.2,\n    \"MEAN_PITCH\": 0,\n    \"EAR\": 0,\n    \"NO_BLADE\": 4,\n    \"SHAFT_CENTER_HEIG\": 2.6,\n    \"SHAFT_DIA\": 0\n}", "ETC":"{\n    \"RUDDER_TYPE\":5,\n    \"RUDDER_AREA\": 1.86,\n    \"BILGE_RADIUS\": 4.0,\n    \"CLASS\": \"NONE\",\n    \"ICE_CLASS\": \"NONE\",\n    \"CRUISING_RANGE\": 0,\n    \"COMPLEMENT\": 0,\n    \"AIR_DRAUGHT\": 0,\n    \"COMMENTS\": \"\ub3d9\uae09 \ucd5c\ub300 Capacity \uac19\ub294 Ro-Ro\uc120 Inquiry \ub300\uc751\"\n}"},
 {"PROJECT_NO":"P_20_002", "SHIP_TITLE":"MR Tanker", "GENERAL_INFORMATION":"{\n    \"SHIP_TYPE\": 0,\n    \"STATUS\": \"\ud45c\uc900\uc120\ud615\",\n    \"OWNER\": \"STX\",\n    \"FLAG\": \"KOREA\",\n    \"PROJECT_DATE\": \"2020-03-30\",\n    \"PROJECT_MANAGER\": \"\uc815\ubcf4\uc900\",\n    \"LINES_DESIGNER\": \"\ucd5c\uc740\uc9c0\"\n}", "SHIP_INFORMATION":"{\n    \"SHIP SIZE\": 49.9,\n    \"LOA\": 182.9,\n    \"LBP\": 173.9,\n    \"BREADTH\": 32.2,\n    \"DEPTH\": 19.1,\n    \"DRAFT_TD_FORE\":11.0,\n    \"DRART_TD_AFT\": 11.0,\n    \"DRAFT_TS_FORE\": 0,\n    \"DRAFT_TS_AFT\": 0,\n    \"CB_TD\": 0,\n    \"CB_TS\": 0,\n    \"LCB_TD\": 0,\n    \"LCB_TS\": 0,\n    \"CONTRACT_SPEED\" : 14.5,\n    \"SPEED_TD\": 0,\n    \"SPEED_TS\": 0,\n    \"EEDI_TARGET\": 3,\n    \"SPEED_EEDI\": 14.7,\n    \"SPEED_BALLAST\": 0,\n    \"DEADWEIGHT_TD\": 0,\n    \"DEADWEIGHT_TS\": 0,\n    \"THRUSTER\": \"No Thruster\",\n    \"NO_BOW_THRUSTER\": 0,\n    \"NO_STERN_THRUSTER\": 0,\n    \"ESD_FORE\": \"No ESD\",\n    \"ESD_AFT\": \"Rudder Bulb\",\n    \"SEA_MARGIN\":  15.0,\n    \"MODEL_BASIN_SP\": \"KRISO\",\n    \"MODEL_BASIN_CAVI\": \"KRISO\"\n}", "ENGINE_ROOM":"{\n    \"ENGINE_TYPE\": \"6G50ME-C9.6\",\n    \"NO_ENGINE\": 0,\n    \"GEAR_RATIO\": 0,\n    \"NMCR_POWER\": 0,\n    \"NMCR_RPM\": 0,\n    \"SMCR_POWER\": 7600,\n    \"SMCR_RPM\": 88.4,\n    \"NCR_POWER\": 5016,\n    \"NCR_RPM\": 77,\n    \"SFOC_NCR\": 165.5,\n    \"SFOC_EEDI\": 0,\n    \"SPOC_NCR\": 0,\n    \"SFGC_NCR\": 0,\n    \"SFGC_EEDI\": 0,\n    \"RPM_MARGIN\": 5,\n    \"SHAFT_GEN_POWER\": 0\n}", "PROPELLER":"{\n    \"PROP_TYPE\": 0,\n    \"NO_PROP\": 1,\n    \"PROP_DIA\": 7.0,\n    \"MEAN_PITCH\": 0.781,\n    \"EAR\": 0.4,\n    \"NO_BLADE\": 4,\n    \"SHAFT_CENTER_HEIG\": 3.6,\n    \"SHAFT_DIA\": 0.495\n}", "ETC":"{\n    \"RUDDER_TYPE\":5,\n    \"RUDDER_AREA\": 1.74,\n    \"BILGE_RADIUS\": 2.0,\n    \"CLASS\": \"NONE\",\n    \"ICE_CLASS\": \"NONE\",\n    \"CRUISING_RANGE\": 0,\n    \"COMPLEMENT\": 0,\n    \"AIR_DRAUGHT\": 0,\n    \"COMMENTS\": \"\ub178\ud6c4\ud654 MR Tanker \ub300\uccb4\uc6a9 \ucd5c\uc801\uc131\ub2a5 \uc120\ud615\"\n}"},
 {"PROJECT_NO":"P_20_003", "SHIP_TITLE":"170m\uae09 \uce74\ud398\ub9ac\uc120", "GENERAL_INFORMATION":"{\n    \"SHIP_TYPE\": 1,\n    \"STATUS\": \"\ud45c\uc900\uc120\ud615\",\n    \"OWNER\": \"\ud55c\uc9c4\",\n    \"FLAG\": \"KOREA\",\n    \"PROJECT_DATE\": \"2020-03-31\",\n    \"PROJECT_MANAGER\": \"\uc190\ud638\uc900\",\n    \"LINES_DESIGNER\": \"\uae40\uc2b9\ud604\"\n}", "SHIP_INFORMATION":"{\n    \"SHIP SIZE\": 170.0,\n    \"LOA\": 171.0,\n    \"LBP\": 165.0,\n    \"BREADTH\": 25.2,\n    \"DEPTH\": 9.1,\n    \"DRAFT_TD_FORE\": 6.2,\n    \"DRART_TD_AFT\": 6.2,\n    \"DRAFT_TS_FORE\": 0,\n    \"DRAFT_TS_AFT\": 0,\n    \"CB_TD\": 0,\n    \"CB_TS\": 0,\n    \"LCB_TD\": 0,\n    \"LCB_TS\": 0,\n    \"CONTRACT_SPEED\": 21.0,\n    \"SPEED_TD\": 0,\n    \"SPEED_TS\": 0,\n    \"EEDI_TARGET\": 2,\n    \"SPEED_EEDI\": 0,\n    \"SPEED_BALLAST\": 0,\n    \"DEADWEIGHT_TD\": 0,\n    \"DEADWEIGHT_TS\": 0,\n    \"THRUSTER\": \"Bow Thruster, Stern Thruster\",\n    \"NO_BOW_THRUSTER\": 1,\n    \"NO_STERN_THRUSTER\": 1,\n    \"ESD_FORE\": \"No ESD\",\n    \"ESD_AFT\": \"Intercepter\",\n    \"SEA_MARGIN\": 15.0,\n    \"MODEL_BASIN_SP\": \"KRISO\",\n    \"MODEL_BASIN_CAVI\": \"NONE\"\n}", "ENGINE_ROOM":"{\n    \"ENGINE_TYPE\": \"Medium_Speed D/E 2 set\",\n    \"NO_ENGINE\": 0,\n    \"GEAR_RATIO\": 0,\n    \"NMCR_POWER\": 0,\n    \"NMCR_RPM\": 0,\n    \"SMCR_POWER\": 16000,\n    \"SMCR_RPM\": 750,\n    \"NCR_POWER\": 13600,\n    \"NCR_RPM\": 161.1,\n    \"SFOC_NCR\": 178.8,\n    \"SFOC_EEDI\": 0,\n    \"SPOC_NCR\": 0,\n    \"SFGC_NCR\": 0,\n    \"SFGC_EEDI\": 0,\n    \"RPM_MARGIN\": 5,\n    \"SHAFT_GEN_POWER\": 0\n}", "PROPELLER":"{\n    \"PROP_TYPE\": 1,\n    \"NO_PROP\": 2,\n    \"PROP_DIA\": 4.5,\n    \"MEAN_PITCH\": 0,\n    \"EAR\": 0,\n    \"NO_BLADE\": 4,\n    \"SHAFT_CENTER_HEIG\": 2.45,\n    \"SHAFT_DIA\": 0\n}", "ETC":"{\n    \"RUDDER_TYPE\": 5,\n    \"RUDDER_AREA\": 1.66,\n    \"BILGE_RADIUS\": 4.00,\n    \"CLASS\": \"KR\",\n    \"ICE_CLASS\": \"NONE\",\n    \"CRUISING_RANGE\": 0,\n    \"COMPLEMENT\": 0,\n    \"AIR_DRAUGHT\": 0,\n    \"COMMENTS\": \"\ud55c\uad6d \uc5f0\uc548\uc5d0 \ucd5c\uc801\ud654\ub41c \uce74\ud398\ub9ac \uc5ec\uac1d\uc120\"\n}"},
 {"PROJECT_NO":"P_20_004", "SHIP_TITLE":"\uce5c\ud658\uacbd LNG \ucd94\uc9c4 Ro-Ro\uc120", "GENERAL_INFORMATION":"{\n    \"SHIP_TYPE\": 4,\n    \"STATUS\": \"\ud45c\uc900\uc120\ud615\",\n    \"OWNER\": \"\uc774\uba55\",\n    \"FLAG\": \"KOREA\",\n    \"PROJECT_DATE\": \"2023-09-20\",\n    \"PROJECT_MANAGER\": \"\ucd5c\uc131\uc900\",\n    \"LINES_DESIGNER\": \"\ucd5c\uc131\uc900\"\n}", "SHIP_INFORMATION":"{\n    \"SHIP SIZE\": 190.5,\n    \"LOA\": 199.9,\n    \"LBP\": 190.5,\n    \"BREADTH\": 32.3,\n    \"DEPTH\": 14.3,\n    \"DRAFT_TD_FORE\": 9.0,\n    \"DRART_TD_AFT\": 9.0,\n    \"DRAFT_TS_FORE\": 0,\n    \"DRAFT_TS_AFT\": 0,\n    \"CB_TD\": 0,\n    \"CB_TS\": 0,\n    \"LCB_TD\": 0,\n    \"LCB_TS\": 0,\n    \"CONTRACT_SPEED\" : 19.1,\n    \"SPEED_TD\": 0,\n    \"SPEED_TS\": 0,\n    \"EEDI_TARGET\": 2,\n    \"SPEED_EEDI\": 0,\n    \"SPEED_BALLAST\": 0,\n    \"DEADWEIGHT_TD\": 0,\n    \"DEADWEIGHT_TS\": 0,\n    \"THRUSTER\": \"No Thruster\",\n    \"NO_BOW_THRUSTER\": 0,\n    \"NO_STERN_THRUSTER\": 0,\n    \"ESD_FORE\": \"No ESD\",\n    \"ESD_AFT\": \"No ESD\",\n    \"SEA_MARGIN\":  15.0,\n    \"MODEL_BASIN_SP\": \"KRISO\",\n    \"MODEL_BASIN_CAVI\": \"KRISO\"\n}", "ENGINE_ROOM":"{\n    \"ENGINE_TYPE\": \"Unknown\",\n    \"NO_ENGINE\": 0,\n    \"GEAR_RATIO\": 0,\n    \"NMCR_POWER\": 0,\n    \"NMCR_RPM\": 0,\n    \"SMCR_POWER\": 11250,\n    \"SMCR_RPM\": 90.0,\n    \"NCR_POWER\": 10125,\n    \"NCR_RPM\": 86.9,\n    \"SFOC_NCR\": 0,\n    \"SFOC_EEDI\": 0,\n    \"SPOC_NCR\": 0,\n    \"SFGC_NCR\": 0,\n    \"SFGC_EEDI\": 0,\n    \"RPM_MARGIN\": 5,\n    \"SHAFT_GEN_POWER\": 0\n}", "PROPELLER":"{\n    \"PROP_TYPE\": 0,\n    \"NO_PROP\": 1,\n    \"PROP_DIA\": 6.8,\n    \"MEAN_PITCH\": 0.969,\n    \"EAR\": 0.56,\n    \"NO_BLADE\": 4,\n    \"SHAFT_CENTER_HEIG\": 3.5,\n    \"SHAFT_DIA\": 0.56\n}", "ETC":"{\n    \"RUDDER_TYPE\": 5,\n    \"RUDDER_AREA\": 2.05,\n    \"BILGE_RADIUS\": 6.0,\n    \"CLASS\": \"NONE\",\n    \"ICE_CLASS\": \"NONE\",\n    \"CRUISING_RANGE\": 0,\n    \"COMPLEMENT\": 0,\n    \"AIR_DRAUGHT\": 0,\n    \"COMMENTS\": \"\uc774\uba55\uc758 \uce5c\ud658\uacbd LNG \uc698\ub8cc\ucd94\uc9c4 Ro-Ro\uc120 \uac1c\ubc1c\"\n}"},
 {"PROJECT_NO":"P_20_005", "SHIP_TITLE":"20K LNG Fueled Product Carrier", "GENERAL_INFORMATION":"{\n    \"SHIP_TYPE\": 0,\n    \"STATUS\": \"\ud45c\uc900\uc120\ud615\",\n    \"OWNER\": \"STX\",\n    \"FLAG\": \"NONE\",\n    \"PROJECT_DATE\": \"2023-10-07\",\n    \"PROJECT_MANAGER\": \"\ubc15\ud64d\uc2dd\",\n\"LINES_DESIGNER\": \"\ucd5c\uc740\uc9c0\"\n}", "SHIP_INFORMATION":"{\n    \"SHIP SIZE\": 20000,\n    \"LOA\": 150.5,\n    \"LBP\": 142.0,\n    \"BREADTH\": 24.4,\n    \"DEPTH\": 13.3,\n    \"DRAFT_TD_FORE\": 9.5,\n    \"DRART_TD_AFT\": 9.5,\n    \"DRAFT_TS_FORE\": 0,\n    \"DRAFT_TS_AFT\": 0,\n    \"CB_TD\": 0,\n    \"CB_TS\": 0,\n    \"LCB_TD\": 0,\n    \"LCB_TS\": 0,\n\"CONTRACT_SPEED\" : 14.0,\n    \"SPEED_TD\": 0,\n    \"SPEED_TS\": 0,\n    \"EEDI_TARGET\": 2,\n    \"SPEED_EEDI\": 14.2,\n    \"SPEED_BALLAST\": 0,\n    \"DEADWEIGHT_TD\": 0,\n    \"DEADWEIGHT_TS\": 0,\n    \"THRUSTER\": \"Bow Thruster\",\n    \"NO_BOW_THRUSTER\": 0,\n    \"NO_STERN_THRUSTER\": 0,\n    \"ESD_FORE\": \"1 Fin\",\n    \"ESD_AFT\": \"No ESD\",\n    \"SEA_MARGIN\":  15.0,\n    \"MODEL_BASIN_SP\": \"KRISO\",\n    \"MODEL_BASIN_CAVI\": \"NONE\"\n}", "ENGINE_ROOM":"{\n    \"ENGINE_TYPE\": \"MAN 6S40ME-GI-EGRBP\",\n    \"NO_ENGINE\": 0,\n    \"GEAR_RATIO\": 0,\n    \"NMCR_POWER\": 6810.0,\n    \"NMCR_RPM\": 146.0,\n    \"SMCR_POWER\": 5100,\n    \"SMCR_RPM\": 125.0,\n    \"NCR_POWER\": 4335,\n    \"NCR_RPM\": 118.4,\n    \"SFOC_NCR\": 167.2,\n    \"SFOC_EEDI\": 0,\n    \"SPOC_NCR\": 0,\n    \"SFGC_NCR\": 0,\n    \"SFGC_EEDI\": 0,\n    \"RPM_MARGIN\": 5,\n    \"SHAFT_GEN_POWER\": 0\n}", "PROPELLER":"{\n    \"PROP_TYPE\": 0,\n    \"NO_PROP\": 1,\n    \"PROP_DIA\": 5.3,\n    \"MEAN_PITCH\": 0.7207,\n    \"EAR\": 0.485,\n    \"NO_BLADE\": 4,\n    \"SHAFT_CENTER_HEIG\": 3.0,\n    \"SHAFT_DIA\": 0.39\n}", "ETC":"{\n    \"RUDDER_TYPE\": 0,\n    \"RUDDER_AREA\": 29.24,\n    \"BILGE_RADIUS\": 1.65,\n    \"CLASS\": \"KR\",\n    \"ICE_CLASS\": \"NONE\",\n    \"CRUISING_RANGE\": 0,\n    \"COMPLEMENT\": 0,\n    \"AIR_DRAUGHT\": 0,\n    \"COMMENTS\": \"Propeller \uc124\uacc4 \uc5c6\uace0, ESD \uc124\uacc4\ud558\uc5ec Stock\uc73c\ub85c \uc790\ud56d\uc2dc\ud5d8 \uc218\ud589\"\n}"},
 {"PROJECT_NO":"P_20_006", "SHIP_TITLE":"KCS Container Ship", "GENERAL_INFORMATION":"{\n    \"SHIP_TYPE\": 5,\n    \"STATUS\": \"\uc5f0\uad6c\uc120\ud615\",\n    \"OWNER\": \"-\",\n    \"FLAG\": \"-\",\n    \"PROJECT_DATE\": \"2020-06-29\",\n    \"PROJECT_MANAGER\": \"-\",\n    \"LINES_DESIGNER\": \"-\"\n}", "SHIP_INFORMATION":"{\n    \"SHIP SIZE\": 3600,\n    \"LOA\": 243,\n    \"LBP\": 230,\n    \"BREADTH\": 32.2,\n    \"DEPTH\": 19.0,\n    \"DRAFT_TD_FORE\": 10.8,\n    \"DRART_TD_AFT\": 10.8,\n    \"DRAFT_TS_FORE\": 0,\n    \"DRAFT_TS_AFT\": 0,\n    \"CB_TD\": 0,\n    \"CB_TS\": 0,\n    \"LCB_TD\": 0,\n    \"LCB_TS\": 0,\n    \"CONTRACT_SPEED\": 24,\n    \"SPEED_TD\": 0,\n    \"SPEED_TS\": 0,\n    \"EEDI_TARGET\": 0,\n    \"SPEED_EEDI\": 0,\n    \"SPEED_BALLAST\": 0,\n    \"DEADWEIGHT_TD\": 0,\n    \"DEADWEIGHT_TS\": 0,\n    \"THRUSTER\": \"No Thruster\",\n    \"NO_BOW_THRUSTER\": 0,\n    \"NO_STERN_THRUSTER\": 0,\n    \"ESD_FORE\": \"No ESD\",\n    \"ESD_AFT\": \"No ESD\",\n    \"SEA_MARGIN\": 15.0,\n    \"MODEL_BASIN_SP\": \"KRISO\",\n    \"MODEL_BASIN_CAVI\": \"NONE\"\n}", "ENGINE_ROOM":"{\n    \"ENGINE_TYPE\": \"Engine\",\n    \"NO_ENGINE\": 0,\n    \"GEAR_RATIO\": 0,\n    \"NMCR_POWER\": 0,\n    \"NMCR_RPM\": 0,\n    \"SMCR_POWER\": 0,\n    \"SMCR_RPM\": 0,\n    \"NCR_POWER\": 0,\n    \"NCR_RPM\": 0,\n    \"SFOC_NCR\": 0,\n    \"SFOC_EEDI\": 0,\n    \"SPOC_NCR\": 0,\n    \"SFGC_NCR\": 0,\n    \"SFGC_EEDI\": 0,\n    \"RPM_MARGIN\": 0,\n    \"SHAFT_GEN_POWER\": 0\n}", "PROPELLER":"{\n    \"PROP_TYPE\": 0,\n    \"NO_PROP\": 1,\n    \"PROP_DIA\": 0,\n    \"MEAN_PITCH\": 0,\n    \"EAR\": 0,\n    \"NO_BLADE\": 0,\n    \"SHAFT_CENTER_HEIG\": 5.8,\n    \"SHAFT_DIA\": 0\n}", "ETC":"{\n    \"RUDDER_TYPE\": 5,\n    \"RUDDER_AREA\": 0,\n    \"BILGE_RADIUS\": 3.5,\n    \"CLASS\": \"NONE\",\n    \"ICE_CLASS\": \"NONE\",\n    \"CRUISING_RANGE\": 0,\n    \"COMPLEMENT\": 0,\n    \"AIR_DRAUGHT\": 0,\n    \"COMMENTS\": \"-\"\n}"},
 {"PROJECT_NO":"P_20_007", "SHIP_TITLE":"KVLCC", "GENERAL_INFORMATION":"{\n    \"SHIP_TYPE\": 5,\n    \"STATUS\": \"\uc5f0\uad6c\uc120\ud615\",\n    \"OWNER\": \"-\",\n    \"FLAG\": \"-\",\n    \"PROJECT_DATE\": \"2020-06-29\",\n    \"PROJECT_MANAGER\": \"-\",\n    \"LINES_DESIGNER\": \"-\"\n}", "SHIP_INFORMATION":"{\n    \"SHIP SIZE\": 300,\n    \"LOA\": 339.39,\n    \"LBP\": 320,\n    \"BREADTH\": 58.0,\n    \"DEPTH\": 28.0,\n    \"DRAFT_TD_FORE\": 20.8,\n    \"DRART_TD_AFT\": 20.8,\n    \"DRAFT_TS_FORE\": 0,\n    \"DRAFT_TS_AFT\": 0,\n    \"CB_TD\": 0,\n    \"CB_TS\": 0,\n    \"LCB_TD\": 0,\n    \"LCB_TS\": 0,\n    \"CONTRACT_SPEED\": 14.5,\n    \"SPEED_TD\": 0,\n    \"SPEED_TS\": 0,\n    \"EEDI_TARGET\": 0,\n    \"SPEED_EEDI\": 0,\n    \"SPEED_BALLAST\": 0,\n    \"DEADWEIGHT_TD\": 0,\n    \"DEADWEIGHT_TS\": 0,\n    \"THRUSTER\": \"No Thruster\",\n    \"NO_BOW_THRUSTER\": 0,\n    \"NO_STERN_THRUSTER\": 0,\n    \"ESD_FORE\": \"No ESD\",\n    \"ESD_AFT\": \"No ESD\",\n    \"SEA_MARGIN\": 15.0,\n    \"MODEL_BASIN_SP\": \"KRISO\",\n    \"MODEL_BASIN_CAVI\": \"NONE\"\n}", "ENGINE_ROOM":"{\n    \"ENGINE_TYPE\": \"Engine\",\n    \"NO_ENGINE\": 0,\n    \"GEAR_RATIO\": 0,\n    \"NMCR_POWER\": 0,\n    \"NMCR_RPM\": 0,\n    \"SMCR_POWER\": 0,\n    \"SMCR_RPM\": 0,\n    \"NCR_POWER\": 0,\n    \"NCR_RPM\": 0,\n    \"SFOC_NCR\": 0,\n    \"SFOC_EEDI\": 0,\n    \"SPOC_NCR\": 0,\n    \"SFGC_NCR\": 0,\n    \"SFGC_EEDI\": 0,\n    \"RPM_MARGIN\": 0,\n    \"SHAFT_GEN_POWER\": 0\n}", "PROPELLER":"{\n    \"PROP_TYPE\": 0,\n    \"NO_PROP\": 1,\n    \"PROP_DIA\": 0,\n    \"MEAN_PITCH\": 0,\n    \"EAR\": 0,\n    \"NO_BLADE\": 0,\n    \"SHAFT_CENTER_HEIG\": 5.8,\n    \"SHAFT_DIA\": 0\n}", "ETC":"{\n    \"RUDDER_TYPE\": 5,\n    \"RUDDER_AREA\": 0,\n    \"BILGE_RADIUS\": 2.4,\n    \"CLASS\": \"NONE\",\n    \"ICE_CLASS\": \"NONE\",\n    \"CRUISING_RANGE\": 0,\n    \"COMPLEMENT\": 0,\n    \"AIR_DRAUGHT\": 0,\n    \"COMMENTS\": \"-\"\n}"},
 {"PROJECT_NO":"P_20_008", "SHIP_TITLE":"170K Twin Skeg LNG Carrier", "GENERAL_INFORMATION":"{\n    \"SHIP_TYPE\": 2,\n    \"STATUS\": \"\uc5f0\uad6c\uc120\ud615\",\n    \"OWNER\": \"-\",\n    \"FLAG\": \"-\",\n    \"PROJECT_DATE\": \"2020-06-29\",\n    \"PROJECT_MANAGER\": \"-\",\n    \"LINES_DESIGNER\": \"-\"\n}", "SHIP_INFORMATION":"{\n    \"SHIP SIZE\": 170000,\n    \"LOA\": 248.51,\n    \"LBP\": 237.0,\n    \"BREADTH\": 43.0,\n    \"DEPTH\": 30.0,\n    \"DRAFT_TD_FORE\": 14.25,\n    \"DRART_TD_AFT\": 14.25,\n    \"DRAFT_TS_FORE\": 0,\n    \"DRAFT_TS_AFT\": 0,\n    \"CB_TD\": 0,\n    \"CB_TS\": 0,\n    \"LCB_TD\": 0,\n    \"LCB_TS\": 0,\n    \"CONTRACT_SPEED\" : 20.0,\n    \"SPEED_TD\": 0,\n    \"SPEED_TS\": 0,\n    \"EEDI_TARGET\": 2,\n    \"SPEED_EEDI\": 0,\n    \"SPEED_BALLAST\": 0,\n    \"DEADWEIGHT_TD\": 0,\n    \"DEADWEIGHT_TS\": 0,\n    \"THRUSTER\": \"No Thruster\",\n    \"NO_BOW_THRUSTER\": 0,\n    \"NO_STERN_THRUSTER\": 0,\n    \"ESD_FORE\": \"No ESD\",\n    \"ESD_AFT\": \"No ESD\",\n    \"SEA_MARGIN\":  15.0,\n    \"MODEL_BASIN_SP\": \"NONE\",\n    \"MODEL_BASIN_CAVI\": \"NONE\"\n}", "ENGINE_ROOM":"{\n    \"ENGINE_TYPE\": \"Engine\",\n    \"NO_ENGINE\": 0,\n    \"GEAR_RATIO\": 0,\n    \"NMCR_POWER\": 0,\n    \"NMCR_RPM\": 0,\n    \"SMCR_POWER\": 0,\n    \"SMCR_RPM\": 0,\n    \"NCR_POWER\": 0,\n    \"NCR_RPM\": 0,\n    \"SFOC_NCR\": 0,\n    \"SFOC_EEDI\": 0,\n    \"SPOC_NCR\": 0,\n    \"SFGC_NCR\": 0,\n    \"SFGC_EEDI\": 0,\n    \"RPM_MARGIN\": 0,\n    \"SHAFT_GEN_POWER\": 0\n}", "PROPELLER":"{\n    \"PROP_TYPE\": 0,\n    \"NO_PROP\": 2,\n    \"PROP_DIA\": 0,\n    \"MEAN_PITCH\": 0,\n    \"EAR\": 0,\n    \"NO_BLADE\": 0,\n    \"SHAFT_CENTER_HEIG\": 4.3,\n    \"SHAFT_DIA\": 0\n}", "ETC":"{\n    \"RUDDER_TYPE\": 5,\n    \"RUDDER_AREA\": 0,\n    \"BILGE_RADIUS\": 2.0,\n    \"CLASS\": \"NONE\",\n    \"ICE_CLASS\": \"NONE\",\n    \"CRUISING_RANGE\": 0,\n    \"COMPLEMENT\": 0,\n    \"AIR_DRAUGHT\": 0,\n    \"COMMENTS\": \"-\"\n}"},
 {"PROJECT_NO":"P_20_009", "SHIP_TITLE":"2990Ton Cargo Ship", "GENERAL_INFORMATION":"{\n    \"SHIP_TYPE\": 4,\n    \"STATUS\": \"\ud45c\uc900\uc120\ud615\",\n    \"OWNER\": \"\uad11\uc591\uc870\uc120\",\n    \"FLAG\": \"KOREA\",\n    \"PROJECT_DATE\": \"2020-12-20\",\n    \"PROJECT_MANAGER\": \"\uc625\uad70\ub3c4\",\n    \"LINES_DESIGNER\": \"\ucd5c\uc131\uc900\"\n}", "SHIP_INFORMATION":"{\n    \"SHIP SIZE\": 2990,\n    \"LOA\": 80,\n    \"LBP\": 77.5,\n    \"BREADTH\": 17.6,\n    \"DEPTH\": 6.750,\n    \"DRAFT_TD_FORE\": 4.1,\n    \"DRART_TD_AFT\": 4.1,\n    \"DRAFT_TS_FORE\": 5.25,\n    \"DRAFT_TS_AFT\": 4.25,\n    \"CB_TD\": 0.840,\n    \"CB_TS\": 0.843,\n    \"LCB_TD\": 0,\n    \"LCB_TS\": 0,\n    \"CONTRACT_SPEED\": 9.5,\n    \"SPEED_TD\": 9.5,\n    \"SPEED_TS\": 0,\n    \"EEDI_TARGET\": 2,\n    \"SPEED_EEDI\": 0,\n    \"SPEED_BALLAST\": 0,\n    \"DEADWEIGHT_TD\": 3075,\n    \"DEADWEIGHT_TS\": 0,\n    \"THRUSTER\": \"No Thruster\",\n    \"NO_BOW_THRUSTER\": 0,\n    \"NO_STERN_THRUSTER\": 0,\n    \"ESD_FORE\": \"No ESD\",\n    \"ESD_AFT\": \"No ESD\",\n    \"SEA_MARGIN\": 15.0,\n    \"MODEL_BASIN_SP\": \"NONE\",\n    \"MODEL_BASIN_CAVI\": \"NONE\"\n}", "ENGINE_ROOM":"{\n    \"ENGINE_TYPE\": \"YANMAR 6EY22AW\",\n    \"NO_ENGINE\": 2,\n    \"GEAR_RATIO\": 0,\n    \"NMCR_POWER\": 0,\n    \"NMCR_RPM\": 0,\n    \"SMCR_POWER\": 735,\n    \"SMCR_RPM\": 800,\n    \"NCR_POWER\": 626,\n    \"NCR_RPM\": 758.0,\n    \"SFOC_NCR\": 0,\n    \"SFOC_EEDI\": 0,\n    \"SPOC_NCR\": 0,\n    \"SFGC_NCR\": 0,\n    \"SFGC_EEDI\": 0,\n    \"RPM_MARGIN\": 0,\n    \"SHAFT_GEN_POWER\": 0\n}", "PROPELLER":"{\n    \"PROP_TYPE\": 3,\n    \"NO_PROP\": 2,\n    \"PROP_DIA\": 0,\n    \"MEAN_PITCH\": 0,\n    \"EAR\": 0,\n    \"NO_BLADE\": 0,\n    \"SHAFT_CENTER_HEIG\": 0,\n    \"SHAFT_DIA\": 0\n}", "ETC":"{\n    \"RUDDER_TYPE\": 5,\n    \"RUDDER_AREA\": 0,\n    \"BILGE_RADIUS\": 0,\n    \"CLASS\": \"KR\",\n    \"ICE_CLASS\": \"NONE\",\n    \"CRUISING_RANGE\": 0,\n    \"COMPLEMENT\": 13,\n    \"AIR_DRAUGHT\": 0,\n    \"COMMENTS\": \"\ucf54\ub9ac\uc544\ub514\uc790\uc778\ud14c\ud06c(KDT)\uc758 \uc18c\ud615\ud654\ubb3c\uc120 No-Bulb \uc801\uc6a9 \uc120\ud615\uac1c\ubc1c\"\n}"},
 {"PROJECT_NO":"P_20_010", "SHIP_TITLE":"1000TEU Container Ship", "GENERAL_INFORMATION":"{\n    \"SHIP_TYPE\": 5,\n    \"STATUS\": \"\ud45c\uc900\uc120\ud615\",\n    \"OWNER\": \"\ud55c\uad6d\uc120\ubc15\uae30\uc220\",\n    \"FLAG\": \"KOREA\",\n    \"PROJECT_DATE\": \"2023-11-09\",\n    \"PROJECT_MANAGER\": \"\uc625\uad70\ub3c4\",\n    \"LINES_DESIGNER\": \"\uc774\ud638\uc0c1\"\n}", "SHIP_INFORMATION":"{\n    \"SHIP SIZE\": 1000,\n    \"LOA\": 142,\n    \"LBP\": 132,\n    \"BREADTH\": 24.8,\n    \"DEPTH\": 11.2,\n    \"DRAFT_TD_FORE\": 7.4,\n    \"DRART_TD_AFT\": 7.4,\n    \"DRAFT_TS_FORE\": 8.3,\n    \"DRAFT_TS_AFT\": 8.3,\n    \"CB_TD\": 0.595,\n    \"CB_TS\": 0.618,\n    \"LCB_TD\": -0.46,\n    \"LCB_TS\": 0,\n    \"CONTRACT_SPEED\": 18.0,\n    \"SPEED_TD\": 18.1,\n    \"SPEED_TS\": 0,\n    \"EEDI_TARGET\": 2,\n    \"SPEED_EEDI\": 0,\n    \"SPEED_BALLAST\": 0,\n    \"DEADWEIGHT_TD\": 0,\n    \"DEADWEIGHT_TS\": 0,\n    \"THRUSTER\": \"No Thruster\",\n    \"NO_BOW_THRUSTER\": 0,\n    \"NO_STERN_THRUSTER\": 0,\n    \"ESD_FORE\": \"No ESD\",\n    \"ESD_AFT\": \"No ESD\",\n    \"SEA_MARGIN\": 15.0,\n    \"MODEL_BASIN_SP\": \"NONE\",\n    \"MODEL_BASIN_CAVI\": \"NONE\"\n}", "ENGINE_ROOM":"{\n    \"ENGINE_TYPE\": \"Engine\",\n    \"NO_ENGINE\": 0,\n    \"GEAR_RATIO\": 0,\n    \"NMCR_POWER\": 0,\n    \"NMCR_RPM\": 0,\n    \"SMCR_POWER\": 7000,\n    \"SMCR_RPM\": 124,\n    \"NCR_POWER\": 6300,\n    \"NCR_RPM\": 119.7,\n    \"SFOC_NCR\": 0,\n    \"SFOC_EEDI\": 0,\n    \"SPOC_NCR\": 0,\n    \"SFGC_NCR\": 0,\n    \"SFGC_EEDI\": 0,\n    \"RPM_MARGIN\": 0,\n    \"SHAFT_GEN_POWER\": 0\n}", "PROPELLER":"{\n    \"PROP_TYPE\": 0,\n    \"NO_PROP\": 0,\n    \"PROP_DIA\": 5.4,\n    \"MEAN_PITCH\": 0,\n    \"EAR\": 0,\n    \"NO_BLADE\": 4,\n    \"SHAFT_CENTER_HEIG\": 0,\n    \"SHAFT_DIA\": 0\n}", "ETC":"{\n    \"RUDDER_TYPE\": 0,\n    \"RUDDER_AREA\": 22.29,\n    \"BILGE_RADIUS\": 0,\n    \"CLASS\": \"KR\",\n    \"ICE_CLASS\": \"NONE\",\n    \"CRUISING_RANGE\": 0,\n    \"COMPLEMENT\": 0,\n    \"AIR_DRAUGHT\": 0,\n    \"COMMENTS\": \"CFD\ub97c \ud65c\uc6a9\ud55c \uc120\ud615 \uc131\ub2a5 \uac1c\uc120\"\n}"},
 {"PROJECT_NO":"P_20_011", "SHIP_TITLE":"3500\ud1a4\uae09 \uce74\ud398\ub9ac \uc5ec\uac1d\uc120", "GENERAL_INFORMATION":"{\n    \"SHIP_TYPE\": 1,\n    \"STATUS\": \"\ud45c\uc900\uc120\ud615\",\n    \"OWNER\": \"\ubaa9\ud3ec\uc870\uc120\uacf5\uc5c5\",\n    \"FLAG\": \"KOREA\",\n    \"PROJECT_DATE\": \"2021-08-12\",\n    \"PROJECT_MANAGER\": \"\uc815\uc2b9\uc2dd\",\n    \"LINES_DESIGNER\": \"\uc190\ud638\uc900\"\n}", "SHIP_INFORMATION":"{\n    \"SHIP SIZE\": 3570,\n    \"LOA\": 35.5,\n    \"LBP\": 72,\n    \"BREADTH\": 17,\n    \"DEPTH\": 10.2,\n    \"DRAFT_TD_FORE\": 3.1,\n    \"DRART_TD_AFT\": 3.1,\n    \"DRAFT_TS_FORE\": 3.2,\n    \"DRAFT_TS_AFT\": 3.2,\n    \"CB_TD\": 0.617,\n    \"CB_TS\": 0,\n    \"LCB_TD\": -4.08,\n    \"LCB_TS\": 0,\n    \"CONTRACT_SPEED\": 18.0,\n    \"SPEED_TD\": 17.96,\n    \"SPEED_TS\": 17.78,\n    \"EEDI_TARGET\": 2,\n    \"SPEED_EEDI\": 0,\n    \"SPEED_BALLAST\": 18.64,\n    \"DEADWEIGHT_TD\": 612.9,\n    \"DEADWEIGHT_TS\": 0,\n    \"THRUSTER\": \"No Thruster\",\n    \"NO_BOW_THRUSTER\": 0,\n    \"NO_STERN_THRUSTER\": 0,\n    \"ESD_FORE\": \"No ESD\",\n    \"ESD_AFT\": \"Interceptor\",\n    \"SEA_MARGIN\": 15.0,\n    \"MODEL_BASIN_SP\": \"KRISO\",\n    \"MODEL_BASIN_CAVI\": \"NONE\"\n}", "ENGINE_ROOM":"{\n    \"ENGINE_TYPE\": \"CUMMINS QSK95-M\",\n    \"NO_ENGINE\": 2,\n    \"GEAR_RATIO\": 4.5,\n    \"NMCR_POWER\": 0,\n    \"NMCR_RPM\": 0,\n    \"SMCR_POWER\": 5296,\n    \"SMCR_RPM\": 1700,\n    \"NCR_POWER\": 4502,\n    \"NCR_RPM\": 1700,\n    \"SFOC_NCR\": 0,\n    \"SFOC_EEDI\": 0,\n    \"SPOC_NCR\": 0,\n    \"SFGC_NCR\": 0,\n    \"SFGC_EEDI\": 0,\n    \"RPM_MARGIN\": 5,\n    \"SHAFT_GEN_POWER\": 0\n}", "PROPELLER":"{\n    \"PROP_TYPE\": 0,\n    \"NO_PROP\": 2,\n    \"PROP_DIA\": 2.3,\n    \"MEAN_PITCH\": 0.826,\n    \"EAR\": 0.511,\n    \"NO_BLADE\": 4,\n    \"SHAFT_CENTER_HEIG\": 0.9,\n    \"SHAFT_DIA\":225\n}", "ETC":"{\n    \"RUDDER_TYPE\": 5,\n    \"RUDDER_AREA\": 0,\n    \"BILGE_RADIUS\": 0,\n    \"CLASS\": \"KR\",\n    \"ICE_CLASS\": \"NONE\",\n    \"CRUISING_RANGE\": 0,\n    \"COMPLEMENT\": 498,\n    \"AIR_DRAUGHT\": 0,\n    \"COMMENTS\": \"2300\ud1a4\uae09\uc774\uc5c8\uc73c\ub098 \uac1c\ubc1c \uc9c4\ud589\uc5d0 \ub530\ub77c 3500\ud1a4\uae09\uc73c\ub85c \ubcc0\uacbd\ub428\"\n}"},
 {"PROJECT_NO":"P_20_012", "SHIP_TITLE":"125K Class Twin Screw Shuttle Tanker", "GENERAL_INFORMATION":"{\n    \"SHIP_TYPE\": 0,\n    \"STATUS\": \"\ud45c\uc900\uc120\ud615\",\n    \"OWNER\": \"\ub300\ud55c\uc870\uc120\",\n    \"FLAG\": \"KOREA\",\n    \"PROJECT_DATE\": \"2021-06-30\",\n    \"PROJECT_MANAGER\": \"\ucd5c\ubbfc\uc12d\",\n    \"LINES_DESIGNER\": \"\ucd5c\uc131\uc900\"\n}", "SHIP_INFORMATION":"{\n    \"SHIP SIZE\": 125000,\n    \"LOA\": 277.8,\n    \"LBP\": 266.0,\n    \"BREADTH\": 46.0,\n    \"DEPTH\": 23.4,\n    \"DRAFT_TD_FORE\": 15.0,\n    \"DRART_TD_AFT\": 15.0,\n    \"DRAFT_TS_FORE\": 15.4,\n    \"DRAFT_TS_AFT\": 15.4,\n    \"CB_TD\": 0.833,\n    \"CB_TS\": 0,\n    \"LCB_TD\": 0,\n    \"LCB_TS\": 0,\n    \"CONTRACT_SPEED\": 0,\n    \"SPEED_TD\": 14.65,\n    \"SPEED_TS\": 14.61,\n    \"EEDI_TARGET\": 3,\n    \"SPEED_EEDI\": 14.4,\n    \"SPEED_BALLAST\": 15.66,\n    \"DEADWEIGHT_TD\": 121000,\n    \"DEADWEIGHT_TS\": 125000,\n    \"THRUSTER\": \"No Thruster\",\n    \"NO_BOW_THRUSTER\": 0,\n    \"NO_STERN_THRUSTER\": 0,\n    \"ESD_FORE\": \"No ESD\",\n    \"ESD_AFT\": \"No ESD\",\n    \"SEA_MARGIN\": 15.0,\n    \"MODEL_BASIN_SP\": \"KRISO\",\n    \"MODEL_BASIN_CAVI\": \"NONE\"\n}", "ENGINE_ROOM":"{\n    \"ENGINE_TYPE\": \"MAN B&W 6G50ME-C9.6-GI\",\n    \"NO_ENGINE\": 2,\n    \"GEAR_RATIO\": 0,\n    \"NMCR_POWER\": 0,\n    \"NMCR_RPM\": 0,\n    \"SMCR_POWER\": 7700,\n    \"SMCR_RPM\": 87,\n    \"NCR_POWER\": 6870,\n    \"NCR_RPM\": 83.5,\n    \"SFOC_NCR\": 0,\n    \"SFOC_EEDI\": 0,\n    \"SPOC_NCR\": 0,\n    \"SFGC_NCR\": 0,\n    \"SFGC_EEDI\": 0,\n    \"RPM_MARGIN\": 0,\n    \"SHAFT_GEN_POWER\": 0\n}", "PROPELLER":"{\n    \"PROP_TYPE\": 1,\n    \"NO_PROP\": 2,\n    \"PROP_DIA\": 6.9,\n    \"MEAN_PITCH\": 0.775,\n    \"EAR\": 0,\n    \"NO_BLADE\": 4,\n    \"SHAFT_CENTER_HEIG\": 0,\n    \"SHAFT_DIA\": 0\n}", "ETC":"{\n    \"RUDDER_TYPE\": 5,\n    \"RUDDER_AREA\": 0,\n    \"BILGE_RADIUS\": 0,\n    \"CLASS\": \"NONE\",\n    \"ICE_CLASS\": \"IB\",\n    \"CRUISING_RANGE\": 0,\n    \"COMPLEMENT\": 36,\n    \"AIR_DRAUGHT\": 0,\n    \"COMMENTS\": \"-\"\n}"},
 {"PROJECT_NO":"P_21_001", "SHIP_TITLE":"20K PKS Carrier", "GENERAL_INFORMATION":"{\n    \"SHIP_TYPE\": 9,\n    \"STATUS\": \"\ud45c\uc900\uc120\ud615\",\n    \"OWNER\": \"\ub300\uc120\",\n    \"FLAG\": \"KOREA\",\n    \"PROJECT_DATE\": \"2021-01-14\",\n    \"PROJECT_MANAGER\": \"\ubc15\uc131\uc6b0\",\n    \"LINES_DESIGNER\": \"\ucd5c\uc131\uc900\"\n}", "SHIP_INFORMATION":"{\n    \"SHIP SIZE\": 20000,\n    \"LOA\": 147.5,\n    \"LBP\": 140.0,\n    \"BREADTH\": 24.0,\n    \"DEPTH\": 13.2,\n    \"DRAFT_TD_FORE\": 8.0,\n    \"DRART_TD_AFT\": 8.0,\n    \"DRAFT_TS_FORE\": 0,\n    \"DRAFT_TS_AFT\": 0,\n    \"CB_TD\": 0,\n    \"CB_TS\": 0,\n    \"LCB_TD\": 0,\n    \"LCB_TS\": 0,\n    \"CONTRACT_SPEED\" : 13.5,\n    \"SPEED_TD\": 0,\n    \"SPEED_TS\": 0,\n    \"EEDI_TARGET\": 2,\n    \"SPEED_EEDI\": 0,\n    \"SPEED_BALLAST\": 0,\n    \"DEADWEIGHT_TD\": 0,\n    \"DEADWEIGHT_TS\": 0,\n    \"THRUSTER\": \"No Thruster\",\n    \"NO_BOW_THRUSTER\": 0,\n    \"NO_STERN_THRUSTER\": 0,\n    \"ESD_FORE\": \"No ESD\",\n    \"ESD_AFT\": \"Rudder Bulb\",\n    \"SEA_MARGIN\":  15.0,\n    \"MODEL_BASIN_SP\": \"-\",\n    \"MODEL_BASIN_CAVI\": \"-\"\n}", "ENGINE_ROOM":"{\n    \"ENGINE_TYPE\": \"MAN 6S35ME-C9.7\",\n    \"NO_ENGINE\": 0,\n    \"GEAR_RATIO\": 0,\n    \"NMCR_POWER\": 0,\n    \"NMCR_RPM\": 0,\n    \"SMCR_POWER\": 4000.0,\n    \"SMCR_RPM\": 130.0,\n    \"NCR_POWER\": 3600.0,\n    \"NCR_RPM\": 125.5,\n    \"SFOC_NCR\": 0,\n    \"SFOC_EEDI\": 0,\n    \"SPOC_NCR\": 0,\n    \"SFGC_NCR\": 0,\n    \"SFGC_EEDI\": 0,\n    \"RPM_MARGIN\": 5.0,\n    \"SHAFT_GEN_POWER\": 0\n}", "PROPELLER":"{\n    \"PROP_TYPE\": 0,\n    \"NO_PROP\": 1,\n    \"PROP_DIA\": 5.0,\n    \"MEAN_PITCH\": 0,\n    \"EAR\": 0,\n    \"NO_BLADE\": 4,\n    \"SHAFT_CENTER_HEIG\": 2.7,\n    \"SHAFT_DIA\": 0.3\n}", "ETC":"{\n    \"RUDDER_TYPE\": 5,\n    \"RUDDER_AREA\": 0,\n    \"BILGE_RADIUS\": 1.5,\n    \"CLASS\": \"NONE\",\n    \"ICE_CLASS\": \"NONE\",\n    \"CRUISING_RANGE\": 0,\n    \"COMPLEMENT\": 0,\n    \"AIR_DRAUGHT\": 0,\n    \"COMMENTS\": \"-\"\n}"},
 {"PROJECT_NO":"P_21_002", "SHIP_TITLE":"14K Chemical Tanker", "GENERAL_INFORMATION":"{\n    \"SHIP_TYPE\": 0,\n    \"STATUS\": \"\ud45c\uc900\uc120\ud615\",\n    \"OWNER\": \"\uadf9\ub3d9\",\n    \"FLAG\": \"KOREA\",\n    \"PROJECT_DATE\": \"2021-01-15\",\n    \"PROJECT_MANAGER\": \"\ubc15\uc131\uc6b0\",\n    \"LINES_DESIGNER\": \"\uae40\uc2b9\ud604\"\n}", "SHIP_INFORMATION":"{\n    \"SHIP SIZE\": 14000,\n    \"LOA\": 130.7,\n    \"LBP\": 123.5,\n    \"BREADTH\": 20.0,\n    \"DEPTH\": 16.2,\n    \"DRAFT_TD_FORE\": 8.65,\n    \"DRART_TD_AFT\": 8.65,\n    \"DRAFT_TS_FORE\": 0,\n    \"DRAFT_TS_AFT\": 0,\n    \"CB_TD\": 0,\n    \"CB_TS\": 0,\n    \"LCB_TD\": 0,\n    \"LCB_TS\": 0,\n    \"CONTRACT_SPEED\" : 13.4,\n    \"SPEED_TD\": 0,\n    \"SPEED_TS\": 0,\n    \"EEDI_TARGET\": 0,\n    \"SPEED_EEDI\": 0,\n    \"SPEED_BALLAST\": 0,\n    \"DEADWEIGHT_TD\": 0,\n    \"DEADWEIGHT_TS\": 0,\n    \"THRUSTER\": \"No Thruster\",\n    \"NO_BOW_THRUSTER\": 0,\n    \"NO_STERN_THRUSTER\": 0,\n    \"ESD_FORE\": \"WED\",\n    \"ESD_AFT\": \"No ESD\",\n    \"SEA_MARGIN\":  15.0,\n    \"MODEL_BASIN_SP\": \"-\",\n    \"MODEL_BASIN_CAVI\": \"-\"\n}", "ENGINE_ROOM":"{\n    \"ENGINE_TYPE\": \"MAN-6S35MC\",\n    \"NO_ENGINE\": 0,\n    \"GEAR_RATIO\": 0,\n    \"NMCR_POWER\": 0,\n    \"NMCR_RPM\": 0,\n    \"SMCR_POWER\": 4170.0,\n    \"SMCR_RPM\": 167.0,\n    \"NCR_POWER\": 3545.0,\n    \"NCR_RPM\": 158.2,\n    \"SFOC_NCR\": 0,\n    \"SFOC_EEDI\": 0,\n    \"SPOC_NCR\": 0,\n    \"SFGC_NCR\": 0,\n    \"SFGC_EEDI\": 0,\n    \"RPM_MARGIN\": 6,\n    \"SHAFT_GEN_POWER\": 0\n}", "PROPELLER":"{\n    \"PROP_TYPE\": 0,\n    \"NO_PROP\": 1,\n    \"PROP_DIA\": 4.5,\n    \"MEAN_PITCH\": 0.607,\n    \"EAR\": 0.51,\n    \"NO_BLADE\": 4,\n    \"SHAFT_CENTER_HEIG\": 2.5,\n    \"SHAFT_DIA\": 0.29\n}", "ETC":"{\n    \"RUDDER_TYPE\": 0,\n    \"RUDDER_AREA\": 1.87,\n    \"BILGE_RADIUS\": 1.4,\n    \"CLASS\": \"NONE\",\n    \"ICE_CLASS\": \"NONE\",\n    \"CRUISING_RANGE\": 0,\n    \"COMPLEMENT\": 0,\n    \"AIR_DRAUGHT\": 0,\n    \"COMMENTS\": \"(\ub098)\ud615 \uacfc\uc81c\ub85c \ubaa8\ud615\uc2dc\ud5d8 \uc5c6\uc74c\"\n}"},
 {"PROJECT_NO":"P_21_003", "SHIP_TITLE":"3.5K Oil Tanker", "GENERAL_INFORMATION":"{\n    \"SHIP_TYPE\": 0,\n    \"STATUS\": \"\ud45c\uc900\uc120\ud615\",\n    \"OWNER\": \"EK\uc911\uacf5\uc5c5\",\n    \"FLAG\": \"KOREA\",\n    \"PROJECT_DATE\": \"2021-04-01\",\n    \"PROJECT_MANAGER\": \"\ubc15\uc131\uc6b0\",\n    \"LINES_DESIGNER\": \"\uae40\uc2b9\ud604\"\n}", "SHIP_INFORMATION":"{\n    \"SHIP SIZE\": 3500,\n    \"LOA\": 90.0,\n    \"LBP\": 82.8,\n    \"BREADTH\": 14.8,\n    \"DEPTH\": 7.5,\n    \"DRAFT_TD_FORE\": 5.7,\n    \"DRART_TD_AFT\": 5.7,\n    \"DRAFT_TS_FORE\": 0,\n    \"DRAFT_TS_AFT\": 0,\n    \"CB_TD\": 0,\n    \"CB_TS\": 0,\n    \"LCB_TD\": 0,\n    \"LCB_TS\": 0,\n    \"CONTRACT_SPEED\" : 13.0,\n    \"SPEED_TD\": 0,\n    \"SPEED_TS\": 0,\n    \"EEDI_TARGET\": 0,\n    \"SPEED_EEDI\": 0,\n    \"SPEED_BALLAST\": 0,\n    \"DEADWEIGHT_TD\": 0,\n    \"DEADWEIGHT_TS\": 0,\n    \"THRUSTER\": \"No Thruster\",\n    \"NO_BOW_THRUSTER\": 0,\n    \"NO_STERN_THRUSTER\": 0,\n    \"ESD_FORE\": \"No ESD\",\n    \"ESD_AFT\": \"No ESD\",\n    \"SEA_MARGIN\":  15.0,\n    \"MODEL_BASIN_SP\": \"-\",\n    \"MODEL_BASIN_CAVI\": \"-\"\n}", "ENGINE_ROOM":"{\n    \"ENGINE_TYPE\": \"-\",\n    \"NO_ENGINE\": 0,\n    \"GEAR_RATIO\": 0,\n    \"NMCR_POWER\": 0,\n    \"NMCR_RPM\": 0,\n    \"SMCR_POWER\": 2647,\n    \"SMCR_RPM\": 240,\n    \"NCR_POWER\": 2250,\n    \"NCR_RPM\": 277,\n    \"SFOC_NCR\": 0,\n    \"SFOC_EEDI\": 0,\n    \"SPOC_NCR\": 0,\n    \"SFGC_NCR\": 0,\n    \"SFGC_EEDI\": 0,\n    \"RPM_MARGIN\": 5.5,\n    \"SHAFT_GEN_POWER\": 0\n}", "PROPELLER":"{\n    \"PROP_TYPE\": 0,\n    \"NO_PROP\": 1,\n    \"PROP_DIA\": 3.1,\n    \"MEAN_PITCH\": 0.65,\n    \"EAR\": 0.61,\n    \"NO_BLADE\": 5,\n    \"SHAFT_CENTER_HEIG\": 2.1,\n    \"SHAFT_DIA\": 0.28\n}", "ETC":"{\n    \"RUDDER_TYPE\": 0,\n    \"RUDDER_AREA\": 0,\n    \"BILGE_RADIUS\": 1.15,\n    \"CLASS\": \"NONE\",\n    \"ICE_CLASS\": \"NONE\",\n    \"CRUISING_RANGE\": 0,\n    \"COMPLEMENT\": 0,\n    \"AIR_DRAUGHT\": 0,\n    \"COMMENTS\": \"(\ub098)\ud615\uacfc\uc81c\ub85c \ubaa8\ud615\uc2dc\ud5d8 \uc5c6\uc74c\"\n}"},
 {"PROJECT_NO":"P_21_004", "SHIP_TITLE":"4200TEU Container Ship", "GENERAL_INFORMATION":"{\n    \"SHIP_TYPE\": 5,\n    \"STATUS\": \"\ud45c\uc900\uc120\ud615\",\n    \"OWNER\": \"STX\uc870\uc120\ud574\uc591\",\n    \"FLAG\": \"KOREA\",\n    \"PROJECT_DATE\": \"2021-01-30\",\n    \"PROJECT_MANAGER\": \"\ubc15\uc131\uc6b0\",\n    \"LINES_DESIGNER\": \"\uc774\ud638\uc0c1\"\n}", "SHIP_INFORMATION":"{\n    \"SHIP SIZE\": 4200,\n    \"LOA\": 242.20,\n    \"LBP\": 229.70,\n    \"BREADTH\": 37.30,\n    \"DEPTH\": 19.50,\n    \"DRAFT_TD_FORE\": 11.50,\n    \"DRART_TD_AFT\": 11.50,\n    \"DRAFT_TS_FORE\": 12.50,\n    \"DRAFT_TS_AFT\": 12.50,\n    \"CB_TD\": 0.6725,\n    \"CB_TS\": 0.689,\n    \"LCB_TD\": -0.822,\n    \"LCB_TS\": -1.269,\n    \"CONTRACT_SPEED\" : 19.0,\n    \"SPEED_TD\": 19.12,\n    \"SPEED_TS\": 18.31,\n    \"EEDI_TARGET\": 3,\n    \"SPEED_EEDI\": 19.33,\n    \"DEADWEIGHT_TD\": 50850,\n    \"DEADWEIGHT_TS\": 58490,\n    \"THRUSTER\": \"No Thruster\",\n    \"NO_BOW_THRUSTER\": 0,\n    \"NO_STERN_THRUSTER\": 0,\n    \"ESD_FORE\": \"No ESD\",\n    \"ESD_AFT\": \"No ESD\",\n    \"SEA_MARGIN\":  15.0,\n}", "ENGINE_ROOM":"{\n    \"ENGINE_TYPE\": \"7G70ME-C9.5\",\n    \"NO_ENGINE\": 0,\n    \"GEAR_RATIO\": 0,\n    \"NMCR_POWER\": 25480,\n    \"NMCR_RPM\": 83,\n    \"SMCR_POWER\": 19986,\n    \"SMCR_RPM\": 70.2,\n    \"NCR_POWER\": 15990,\n    \"NCR_RPM\": 65.2,\n    \"SFOC_NCR\": 0,\n    \"SFOC_EEDI\": 0,\n    \"SPOC_NCR\": 0,\n    \"SFGC_NCR\": 0,\n    \"SFGC_EEDI\": 0,\n    \"RPM_MARGIN\": 5.0,\n    \"SHAFT_GEN_POWER\": 0\n}", "PROPELLER":"{\n    \"PROP_TYPE\": 0,\n    \"NO_PROP\": 1,\n    \"PROP_DIA\": 8.7,\n    \"MEAN_PITCH\": 0,\n    \"EAR\": 0,\n    \"NO_BLADE\": 5,\n    \"SHAFT_CENTER_HEIG\": 4.6,\n    \"SHAFT_DIA\": 0.73\n}", "ETC":"{\n    \"RUDDER_TYPE\": 0,\n    \"RUDDER_AREA\": 51.80,\n    \"BILGE_RADIUS\": 0,\n    \"CLASS\": \"NONE\",\n    \"ICE_CLASS\": \"NONE\",\n    \"CRUISING_RANGE\": 24350,\n    \"COMPLEMENT\": 24,\n    \"AIR_DRAUGHT\": 0,\n    \"COMMENTS\": \"(\ub098)\ud615\uacfc\uc81c\ub85c \ubaa8\ud615\uc2dc\ud5d8 \uc5c6\uc74c\"\n}"}]