{
	"PROJECT_NO" : "P_00_000",
	"SHIP_TITLE" : "EXAMPLE_SHIP",
	"GENERAL_INFORMATION" : {
		"SHIP_TYPE"            :               5,   // (INT,NA)      SHIP_TYPE                       -> 0: TANKER, 1:Passenger, 2:LNGC, 3:LPGC, 4:PCC, 5:CONTAINER
		"STATUS"               :      "Standard",   // (TEXT)        PURPOSE OF SHIP                 -> "STANDARD", "PROJECT", "RESEARCH", "ETC"
		"OWNER"                :         "KRISO",   // (TEXT)        CLIENT ORGANIZATION
		"FLAG"                 :         "KOREA",   // (TEXT)        FLAG OF SHIP
		"PROJECT_DATE"         :    "2024-09-04",   // (DATE)        PROJECT START DATE
		"PROJECT_MANAGER"      :          "고채은",   // (TEXT)        PROJECT MANAGER
		"LINES_DESIGNER"       :          "고채은"    // (TEXT)        LINES DESIGN MANAGER
	},                                                              
	"SHIP_INFORMATION" : {                                          
		"SHIP SIZE"            :               0,   // (INT,NA)      SIZE OF SHIP                    -> 319K VLCC : 319, 4,500TEU CONTAINER : 4500
		"LOA"                  :           320.0,   // (REAL,M)      LOA
		"LBP"                  :           315.0,   // (REAL,M)      LBP
		"BREADTH"              :            50.0,   // (REAL,M)      BREADTH
		"DEPTH"                :            25.2,   // (REAL,M)      DEPTH
		"DRAFT_TD_FORE"        :            12.3,   // (REAL,M)      DESIGN DRAFT AT FORE
		"DRART_TD_AFT"         :            12.3,   // (REAL,M)      DESIGN DRAFT AT AFT
		"DRAFT_TS_FORE"        :            12.3,   // (REAL,M)      SCANTLING DRAFT AT FORE
		"DRAFT_TS_AFT"         :            12.3,   // (REAL,M)      SCANTLING DRAFT AT AFT
		"CB_TD"                :          0.8555,   // (REAL,NA)     CB AT DESIGN DRAFT
		"CB_TS"                :          0.8555,   // (REAL,NA)     CB AT SCANTLING DRAFT
		"LCB_TD"               :            -1.2,   // (REAL,M)      LCB AT DESIGN DRAFT
		"LCB_TS"               :            -1.2,   // (REAL,M)      LCB AT SCANTLING DRAFT
		"CONTRACT_SPEED"       :            15.4,   // (REAL,KTS)    CONTRACT SPEED AT SERVICE
		"SPEED_TD"             :            15.4,   // (REAL,KTS)    SERVICE SPEED AT DESIGN 
		"SPEED_TS"             :            15.4,   // (REAL,KTS)    SERVICE SPEED AT SCANTLING
		"EEDI_TARGET"          :               2,   // (INT,NA)      EEDI TARGET
		"SPEED_EEDI"           :            15.4,   // (REAL,KTS)    SPEED AT EEDI CALCULATION
		"SPEED_BALLAST"        :            15.4,   // (REAL,KTS)    SPEED AT BALLAST DRAFT
		"DEADWEIGHT_TD"        :           10000,   // (INT,TON)     DEAD WEIGHT AT DESIGN
		"DEADWEIGHT_TS"        :           10000,   // (INT,TON)     DEAD WEIGHT AT SCANTLING
		"THRUSTER"             :            "No",   // (TEXT)        THRUSTER INFORMATION
		"NO_BOW_THRUSTER"      :               0,   // (INT,NA)      NO OF BOW THRUSTER
		"NO_STERN_THRUSTER"    :               0,   // (INT,NA)      NO OF STERN THRUSTER
		"ESD_FORE"             :    "FIN+STATOR",   // (TEXT)        ESD DESCRIPTION AT FORE
		"ESD_AFT"              :        "R-BULB",   // (TEXT)        ESD DESCRIPTION AT AFT
		"SEA_MARGIN"           :            15.0,   // (REAL,%)      SEA MARGIN
		"MODEL_BASIN_SP"       :         "KRISO",   // (TEXT)        MODEL BASIN (TOWING TANK)
		"MODEL_BASIN_CAVI"     :         "KRISO"    // (TEXT)        MODEL BASIN (CAVI TUNNEL)
	},                                                              
	"ENGINE_ROOM" : {                                               
		"ENGINE_TYPE"          :  "6S60MC-ME9.2",   // (TEXT)        MAIN ENGINE TYPE
		"NO_ENGINE"            :               1,   // (INT,EA)      NO OF MAIN ENGINE
		"GEAR_RATIO"           :             1.0,   // (REAL,NA)     GEAR RATIO (ENGINE-PROPELLER)
		"NMCR_POWER"           :           10000,   // (REAL,KW)     MAIN ENGINE POWER AT NMCR 
		"NMCR_RPM"             :             100,   // (REAL,RPM)    MAIN ENGINE RPM AT NMCR
		"SMCR_POWER"           :           10000,   // (REAL,KW)     MAIN ENGINE POWER AT SMCR
		"SMCR_RPM"             :             100,   // (REAL,RPM)    MAIN ENGINE RPM AT SMCR
		"NCR_POWER"            :           10000,   // (REAL,KW)     MAIN ENGINE POWER AT NCR
		"NCR_RPM"              :             100,   // (REAL,RPM)    MAIN ENGINE RPM AT NCR
		"SFOC_NCR"             :            16.5,   // (REAL,g/kWh)  SFOR AT NCR
		"SFOC_EEDI"            :            16.5,   // (REAL,g/kWh)  SFOR AT EEDI
		"SPOC_NCR"             :            16.5,   // (REAL,g/kWh)  SPOC AT NCR
		"SFGC_NCR"             :            16.5,   // (REAL,g/kWh)  SFGC AT NCR
		"SFGC_EEDI"            :            16.5,   // (REAL,g/kWh)  SFGC AT NCR
		"RPM_MARGIN"           :             7.0,   // (REAL,%)      RPM MARGIN                      -> NORMALLY 5~7%
		"SHAFT_GEN_POWER"      :               0,   // (INT,kW)      SHAFT GENERATOR POWER
	},
	"PROPELLER" : {
		"PROP_TYPE"            :               0,   // (INT,NA)      TYPE OF PROPELLER               -> 0 : FPP, 1 : CPP, 2 : CRP, 3: Azimuth, 4 : ETC",
		"NO_PROP"              :               1,   // (INR,EA)      NO OF PROPELLER
		"PROP_DIA"             :            10.2,   // (REAL,M)      PROPELLER DIAMETER
		"MEAN_PITCH"           :          0.9876,   // (REAL,ND)     MEAN PITCH RATIO
		"EAR"                  :          0.5623,   // (REAL,ND)     EXPANDED AREA RATIO
		"NO_BLADE"             :               4,   // (REAL,EA)     NO OF BLADE
		"SHAFT_CENTER_HEIG"    :             5.3,   // (REAL,M)      SHAFT CENTER HEIGHT TO BASELINE
		"SHAFT_DIA"            :            0.65    // (REAL,M)      PROPELLER SHAFT DIAMETER 
	}, 
	"ETC" : {
		"RUDDER_TYPE"          :               5,   // (INT,NA)      RUDDER TYPE                     -> 0 : Semi-Spade, 1 : Flap Rudder, 2 : Fish Tail Rudder, 3: Full-Spade, 4 : Etc, 5 : None
		"RUDDER_AREA"          :            34.3,   // (REAL,M^2)    RUDDER AREA
		"BILGE_RADIUS"         :             3.5,   // (REAL,M)      BILGE RADIUS
		"CLASS"                :            "KR",   // (TEXT)        CLASSIFICATION OF SHIP          -> KR, LR, DNV, ABS, BV, RINA, KMOSA, ETC
		"ICE_CLASS"            :          "NONE",   // (TEXT)        ICE CLASS                       -> FMA 1C, FMA 1B, FMA 1A, FMA 1A Suepr, ETC
		"CRUISING_RANGE"       :            8000,   // (INT,MILE)    CRUISING_RANGE
		"COMPLEMENT"           :              10,   // (INT,PPL)     NO OF PEOPLE ON BOARD
		"AIR_DRAUGHT"          :            20.2,   // (REAL,M)      AIR DRAFT
		"COMMENTS"             :     "Default 값",   // (TEXT)       COMMENTS MAX 250 CHARACTERS
	}
}
  
  