{
	"PROJECT_NO" : "P_00_000",
	"Tank Capacities(PC,Ro-Ro,LPG,Container)" : {
		"CARGO CAPACITY": 0,
		"BALLAST WATER": 0,
		"FRESH WATER": 0,
		"HEAVY FUEL OIL(HFO)": 0,
		"MARINE DIESEL OIL(MDO)": 0,
		"MARINE GAS OIL (MGO)": 0,
		"LNG FUEL": 0,
		"DRAFT TS AFT": 0,
		"LPG FUEL": 0,
		"MATHANOL FUEL": 0,
		"AMMONIA FUEL": 0,
		"HEELING WATER": 0
	},
	"FOC/FGC" : {
		"DFOC NCR": 0,
		"CRUISING RANGE OIL": 0,
		"DFGC NCR": 0,
		"CRUISING RANGE GAS(HFO)": 0
	},
	"HYBRID" : {
		 "HYBRID BATTERY CAPACITY": 0,
		 "NO HYBRID BATTERY": 0
	},
	"CARGO_SYSTEM(TANKER)" : {
		"CHEMICAL TYPE": "-",
		"NO CARGO TANK": 0,
		"CARGO PUMP CAPACITY": 0,
		"NO CARGO PUMPS": 0,
		"CARGO PUMP TYPE": "-",
		"SLOP PUMP CAPACITY": 0,
		"NO SLOP PUMPS": 0,
		"SLOP PUMP TYPE": "-"
	},
	"CARGO_SYSTEM(CONTAINER)" : {
		"DECK AREA": 0,
		"DECK TIER ROW": 0,
		"HOLD TIER ROW": 0,
		"HOMO TON": 0,
		"CONTAINERS HOMO": 0,
		"CONTAINERS DECK": 0,
		"CONTAINERS HOLD": 0,
		"REEFER CONTAINERS DECK": 0,
		"REEFER CONTAINERS HOLD": 0,
		"HATCH COVER TYPE": 0,
		"STACK WEIGHT 20TEU": 0,
		"STACK WEIGHT 40TEU": 0
	},
	"CARRYING CAPACITIES(Ro-Ro)" : {
		"PASSENGERS": 0,
		"LANE METER": 0,
		"CREW": 0,
		"CONTAINERS": 0
	},
	"CARGO CONTAINMENT SYSTEM(LPG)" : {
		"TANK TYPE": "-",
		"TANK SHAPE": "-",
		"NO TANKS": 0,
		"MAX RELIEF": 0,
		"CARGO DENSITY": 0,
		"MIN CARGO TEMP": 0
	},
	"CARGO HANDLING SYSTEM(LPG)" : {
		"NO CARGO PUMP": 0,
		"PUMP CAPACITY": 0,
		"NO COMPRESSOR": 0
	},
	"DECK MACHINARY" : {
		"NO ANCHOR": 0,
		"ANCHOR CAPACITY": 0,
		"ANCHOR CHAIN DIA": 0,
		"ANCHOR CHAIN LENGTH": 0,
		"NO WINDLASS WINCH": 0,
		"WINDLASS CAPACITY": 0,
		"WINCH CAPACITY": 0,
		"NO MOORING WINCH": 0,
		"MOORING WINCH CAPACITY": 0,
		"NO PROVISION CRANE": 0,
		"PROVISION CRANE CAPACITY": 0,
		"EQUIP NO": 0
	},
	"MANEUVERING EQUIPMENT" : {
		"NO BOW THRUSTER": 0,
		"BOW THRUSTER TYPE": "FPP",
		"BOW THRUSTER CAPACITY": 0,
		"NO STERN THRUSTER": 0,
		"STERN THRUSTER TYPE": "CPP",
		"STERN THRUSTER CAPACITY": 0
	},
	"POWER SUPPLY" : {
		"NO_MAIN_GENERATOR_1": 0,
		"MAIN_GENERATOR_POWER_1": 0,
		"NO_MAIN_GENERATOR_2": 0,
		"MAIN_GENERATOR_POWER_2": 0,
		"NO_EMERGENCY_GENERATOR": 0,
		"EMERGENCY_GENERATOR_POWER": 0,
		"NO_BOILER": 0,
		"BOILER_CAPACITY": 0,
		"NO_SHAFT_GENERATOR": 0,
		"SHAFT_GENERATOR_POWER": 0,
		"NO_PROPULSION_MOTOR": 0,
		"PROPULSION_MOTOR_POWER": 0
	},
	"COATING SYSTEM" : {
		"CARGO_TANK_COATING": "-"
	},
	"NAVIGATION EQUIPMENT" : {
		"GYROCOMPASS": 0,
		"AUTO_PILOT": 0,
		"RADAR": 0,
		"DGPS_NAVIGATOR": 0,
		"VDR": 0,
		"ECDIS": 0,
		"AIS": 0
	},
	"WATER BALLAST SYSTEM" : {
		"NO_BALLAST_PUMP": 0,
		"BALLAST_PUMP_CAPACITY": 0,
		"BALLAST_PUMP_TYPE": "Electric motor driven",
		"NO_BWTS" : 0,
		"BWTS_TYPE": "UV or Electric type",
		"BWTS_CAPACITY": 0
	},
	"FUEL GAS SUPPLY SYSTEM" : {
		"LNG_VAPOUR_MANIFOLD": 0,
		"SUPPLY_PUMP_PER_TANK": 0,
		"HP_PUMP_VAPORIZER": 0,
		"LP_VAPORIZER": 0,
		"BOG_HEATER": 0
	},
	"COMMENTS" : {
		"COMMENTS": "-"}
	}
}
  
  