{
	"PROJECT_NO" : "P_00_000",
	"SHIP_TITLE" : "EXAMPLE_SHIP",
	"GENERAL_INFORMATION" : {
		"SHIP_TYPE": 5,
		"__SHIP_TYPE_EX__" : "0: TANKER, 1:Passenger, 2:LNGC, 3:LPGC, 4:PCC, 5:CONTAINER",
		"STATUS": "표준선형",
		"__STATUS_EX__" : "표준선형, 연구선형, 수주계약, 선주요구, 기타",
		"OWNER": "KRISO",
		"__OWNER_EX__" : "프로젝트 개발을 요청한 기관",
		"FLAG": "KOREA",
		"PROJECT_DATE": "2024-09-04",
		"PROJECT_MANAGER": "고채은",
		"__PM_EX__" : "PM, 명시되어 있지 않으면 주로 기본 설계 담당",
		"LINES_DESIGNER": "고채은"
	},
	"SHIP_INFORMATION" : {
		"SHIP SIZE": 0, 
		"LOA": 0,
		"LBP": 0,
		"BREADTH": 0,
		"DEPTH": 0,
		"DRAFT_TD_FORE": 0,
		"DRART_TD_AFT": 0,
		"DRAFT_TS_FORE": 0,
		"DRAFT_TS_AFT": 0,
		"CB_TD": 0,
		"CB_TS": 0,
		"LCB_TD": 0,
		"LCB_TS": 0,
		"CONTRACT_SPEED": 0, 
		"SPEED_TD": 0,
		"SPEED_TS": 0,
		"EEDI_TARGET": 2,
		"__EEDI_TARGET_EX__" : "0: Reference Line, 1:2015~2019, 2:2020~2024, 3:2025~",
		"SPEED_EEDI": 0,
		"SPEED_BALLAST": 0,
		"DEADWEIGHT_TD": 0,
		"DEADWEIGHT_TS": 0,
		"THRUSTER": "No Thruster",
		"__THRUSTER_EX__" : "No Thruster, Bow Thruster, Stern Thruster, Bow + Stern Thruster",
		"NO_BOW_THRUSTER": 0,
		"NO_STERN_THRUSTER": 0,
		"ESD_FORE": "No ESD",
		"ESD_AFT": "No ESD",
		"SEA_MARGIN": 15.0,
		"MODEL_BASIN_SP": "KRISO",
		"MODEL_BASIN_CAVI": "NONE"
	},
	"ENGINE_ROOM" : {
		"ENGINE_TYPE": "Engine",
		"NO_ENGINE": 0, 
		"GEAR_RATIO": 0,
		"NMCR_POWER": 0,
		"NMCR_RPM": 0,
		"SMCR_POWER": 0,
		"SMCR_RPM": 0,
		"NCR_POWER": 0,
		"NCR_RPM": 0,
		"SFOC_NCR": 0,
		"SFOC_EEDI": 0,
		"SPOC_NCR": 0,
		"SFGC_NCR": 0,
		"SFGC_EEDI": 0,
		"RPM_MARGIN": 0,
		"SHAFT_GEN_POWER": 0
	},
	"PROPELLER" : {
		"PROP_TYPE": 0,
		"__PROP_TYPE_EX__" : "0 : FPP, 1 : CPP, 2 : CRP, 3: Azimuth, 4 : ETC",
		"NO_PROP": 0,
		"PROP_DIA": 0,
		"MEAN_PITCH": 0,
		"EAR": 0,
		"NO_BLADE": 0,
		"SHAFT_CENTER_HEIG": 0,
		"SHAFT_DIA": 0
	}, 
	"ETC" : {
		"RUDDER_TYPE": 5,
		"__PROP_TYPE_EX__" : "0 : Semi-Spade, 1 : Flap Rudder, 2 : Fish Tail Rudder, 3: Full-Spade, 4 : Etc, 5 : None",
		"RUDDER_AREA": 0,
		"BILGE_RADIUS": 0,
		"CLASS": "NONE",
		"__CLASS_EX__" : "NONE, KR, LR, DNV, ABS, BV, RINA, KMOSA, ETC",
		"ICE_CLASS": "NONE",
		"__ICE_CLASS_EX__" : "NONE, FMA 1C, FMA 1B, FMA 1A, FMA 1A Suepr, ETC",
		"CRUISING_RANGE": 0,
		"COMPLEMENT": 0,
		"AIR_DRAUGHT": 0,
		"COMMENTS": "Default 값"
	}
}
  
  